county_fips,county_name,year,quarter,cty_unemployed,cty_employed,cty_labor_force,cty_n_months,cty_any_preliminary,cty_unemployment_rate_pct,cty_missing_reason,nat_mortgage_rate_30y_pct,nat_mortgage_rate_30y_pct_n_obs,nat_cpi_index,nat_cpi_index_n_obs,nat_treasury_3y_pct,nat_treasury_3y_pct_n_obs,nat_treasury_10y_pct,nat_treasury_10y_pct_n_obs,nat_tbill_3m_pct,nat_tbill_3m_pct_n_obs,nat_inflation_yoy_pct,state_unemployed,state_employed,state_labor_force,state_n_months,state_any_preliminary,state_unemployment_rate_pct,state_missing_reason
39017,Butler,2015,1,9650.666666666666,175956.66666666666,185607.33333333334,3,False,5.199507203379176,,3.716666666666667,12,235.35500000000002,3,0.9696721311475409,61,1.9688524590163934,61,0.02666666666666667,3,-0.11289316317305564,295617.3333333333,5436840.0,5732457.333333333,3,False,5.1569042060612515,
39017,Butler,2015,2,8684.0,180630.33333333334,189314.33333333334,3,False,4.587080041483036,,3.819230769230769,13,236.96,3,0.96890625,64,2.164375,64,0.02,3,0.03701009123058263,286497.6666666667,5439835.333333333,5726333.0,3,False,5.003161127141343,
39017,Butler,2015,3,8483.333333333334,180942.66666666666,189426.0,3,False,4.4784418893569695,,3.9546153846153844,13,237.855,3,1.02328125,64,2.223125,64,0.04,3,0.15861096099996086,273954.3333333333,5443802.0,5717756.333333333,3,False,4.7912908029367465,
39017,Butler,2015,4,8177.333333333333,180207.33333333334,188384.66666666666,3,False,4.340763756427451,,3.8978571428571427,14,237.837,3,1.1372580645161292,62,2.190483870967742,62,0.12333333333333334,3,0.40046998234049,278298.0,5452221.666666667,5730519.666666667,3,False,4.85641819918717,
39017,Butler,2016,1,9075.0,173437.33333333334,182512.33333333334,3,False,4.972266714395556,,3.7384615384615385,13,237.68933333333334,3,1.0234426229508196,61,1.9142622950819672,61,0.2866666666666667,3,0.9918350293528055,288278.0,5479391.333333333,5767669.333333333,3,False,4.998171416206939,
39017,Butler,2016,2,8344.333333333334,177580.66666666666,185925.0,3,False,4.48801039845816,,3.589230769230769,13,239.59033333333332,3,0.91609375,64,1.75015625,64,0.25666666666666665,3,1.1100326356065615,286618.6666666667,5486912.666666667,5773531.333333333,3,False,4.964356303253804,
39017,Butler,2016,3,8879.666666666666,178070.0,186949.66666666666,3,False,4.749763305274682,,3.446153846153846,13,240.60733333333334,3,0.8496875,64,1.564375,64,0.29666666666666663,3,1.1571475618899596,290780.3333333333,5478285.0,5769065.333333333,3,False,5.040336978907502,
39017,Butler,2016,4,8290.0,176922.33333333334,185212.33333333334,3,False,4.475943826635015,,3.8423076923076924,13,242.13466666666667,3,1.238688524590164,61,2.138688524590164,61,0.43,3,1.8069798503457024,301445.0,5477886.333333333,5779331.333333333,3,False,5.215914828439784,
39017,Butler,2017,1,9133.0,175860.0,184993.0,3,False,4.936943560026595,,4.173076923076923,13,243.83866666666665,3,1.5164516129032257,62,2.4466129032258066,62,0.59,3,2.587130540144833,298230.0,5500477.666666667,5798707.666666667,3,False,5.143042504355711,
39017,Butler,2017,2,8334.333333333334,179842.33333333334,188176.66666666666,3,False,4.428994030432396,,3.98,13,244.12,3,1.472063492063492,63,2.260952380952381,63,0.89,3,1.8905882402044716,290198.0,5529096.333333333,5819294.333333333,3,False,4.986824576611036,
39017,Butler,2017,3,8878.0,181103.33333333334,189981.33333333334,3,False,4.673090689611611,,3.883846153846154,13,245.287,3,1.5101587301587303,63,2.2414285714285715,63,1.0366666666666668,3,1.9449393340740473,286916.6666666667,5544025.666666667,5830942.333333333,3,False,4.920588307424524,
39017,Butler,2017,4,7799.666666666667,179993.33333333334,187793.0,3,False,4.153331948830184,,3.9223076923076925,13,247.23833333333334,3,1.8129032258064515,62,2.371451612903226,62,1.2066666666666668,3,2.1077802435008675,274190.0,5535526.666666667,5809716.666666667,3,False,4.719507262258917,
39017,Butler,2018,1,8370.333333333334,177594.66666666666,185965.0,3,False,4.5010261787612365,,4.282307692307692,13,249.3216666666667,3,2.30672131147541,61,2.7585245901639346,61,1.5599999999999998,3,2.248617938637043,263177.6666666667,5532966.0,5796143.666666667,3,False,4.540564930786452,
39017,Butler,2018,2,8074.0,181124.0,189198.0,3,False,4.26748697132105,,4.544615384615384,13,250.679,3,2.6090625,64,2.920625,64,1.8399999999999999,3,2.686793380304775,259172.0,5553948.0,5813120.0,3,False,4.45839755587361,
39017,Butler,2018,3,8054.0,181798.0,189852.0,3,False,4.242251859343067,,4.566923076923077,13,251.68633333333332,3,2.7434920634920634,63,2.9238095238095236,63,2.0399999999999996,3,2.608916629635205,256824.33333333334,5559419.0,5816243.333333333,3,False,4.415639419029351,
39017,Butler,2018,4,7489.0,182282.66666666666,189771.66666666666,3,False,3.946321456487182,,4.7846153846153845,13,252.711,3,2.8442622950819674,61,3.0411475409836064,61,2.316666666666667,3,2.213518669569847,261041.0,5571125.0,5832166.0,3,False,4.475884259810163,
39017,Butler,2019,1,7871.333333333333,180481.66666666666,188353.0,3,False,4.1790326319906415,,4.373846153846154,13,253.38566666666665,3,2.4554098360655736,61,2.652950819672131,61,2.3866666666666667,3,1.6300227951842494,245443.0,5595937.0,5841380.0,3,False,4.20179820521863,
39017,Butler,2019,2,6949.0,183847.0,190796.0,3,False,3.6421098974821273,,4.010769230769231,13,255.24733333333333,3,2.0882539682539685,63,2.338888888888889,63,2.3000000000000003,3,1.8223837390979325,230219.66666666666,5624339.333333333,5854559.0,3,False,3.9323144009081923,
39017,Butler,2019,3,8042.666666666667,185108.66666666666,193151.33333333334,3,False,4.163919827975992,,3.6584615384615384,13,256.08933333333334,3,1.63265625,64,1.79796875,64,1.9799999999999998,3,1.749399715783806,243146.0,5640103.0,5883249.0,3,False,4.132852442587421,
39017,Butler,2019,4,7033.0,185919.66666666666,192952.66666666666,3,False,3.644935372751176,,3.7,13,257.888,3,1.5896774193548386,62,1.7919354838709676,62,1.5766666666666669,3,2.0485851427124224,251905.66666666666,5659120.0,5911025.666666667,3,False,4.261623631364144,
39017,Butler,2020,1,8561.333333333334,183383.0,191944.33333333334,3,False,4.460320961111989,,3.5215384615384617,13,258.81766666666664,3,1.0933870967741937,62,1.365,62,1.11,3,2.143767669047314,267936.6666666667,5615184.666666667,5883121.333333333,3,False,4.554328416593369,
39017,Butler,2020,2,22120.0,161027.66666666666,183147.66666666666,3,False,12.077685947404918,,3.2392307692307694,13,256.292,3,0.24079365079365078,63,0.6876190476190476,63,0.14333333333333334,3,0.40927623141997493,753342.3333333334,4861525.0,5614867.333333333,3,False,13.416921337767437,
39017,Butler,2020,3,15163.0,173722.33333333334,188885.33333333334,3,False,8.027621696408403,,2.9523076923076923,13,259.22166666666664,3,0.16453125,64,0.650625,64,0.11333333333333334,3,1.2231408831293145,488151.0,5214627.666666667,5702778.666666667,3,False,8.559879815313423,
39017,Butler,2020,4,10194.666666666666,178612.33333333334,188807.0,3,False,5.399517320155856,,2.7607142857142857,14,261.0916666666667,3,0.1964516129032258,62,0.864516129032258,62,0.09333333333333334,3,1.242270546387081,372020.0,5355922.333333333,5727942.333333333,3,False,6.494827956543092,
39017,Butler,2021,1,10780.666666666666,175948.0,186728.66666666666,3,False,5.773439536154062,,2.875833333333333,12,263.74233333333336,3,0.2478688524590164,61,1.3359016393442622,61,0.049999999999999996,3,1.9027552215008736,346198.6666666667,5390208.333333333,5736407.0,3,False,6.035113384853388,
39017,Butler,2021,2,9963.333333333334,178323.66666666666,188287.0,3,False,5.291567305938983,,3.003846153846154,13,268.5503333333333,3,0.3540625,64,1.59078125,64,0.02666666666666667,3,4.7829558992607435,326862.6666666667,5419386.333333333,5746249.0,3,False,5.688278852285494,
39017,Butler,2021,3,8999.333333333334,180796.66666666666,189796.0,3,False,4.741582190000492,,2.8721428571428573,14,272.8296666666667,3,0.43125,64,1.32484375,64,0.04666666666666667,3,5.249561186372054,286108.3333333333,5452847.0,5738955.333333333,3,False,4.98537306383171,
39017,Butler,2021,4,6456.666666666667,182125.66666666666,188582.33333333334,3,False,3.423791906983157,,3.079230769230769,13,278.77133333333336,3,0.8185483870967742,62,1.5333870967741934,62,0.05333333333333334,3,6.771440426414732,245037.33333333334,5488309.333333333,5733346.666666667,3,False,4.273897037448751,
39017,Butler,2022,1,7393.333333333333,182435.66666666666,189829.0,3,False,3.8947333301725937,,3.822307692307692,13,284.90566666666666,3,1.6825806451612901,62,1.9511290322580646,62,0.3066666666666667,3,8.024245886452297,225055.33333333334,5526126.0,5751181.333333333,3,False,3.9132018326205915,
39017,Butler,2022,2,6912.333333333333,184802.33333333334,191714.66666666666,3,False,3.6055318320281526,,5.266153846153846,13,291.60533333333336,3,2.8891935483870967,62,2.9325806451612904,62,1.0766666666666667,3,8.584982827551912,224334.33333333334,5543114.0,5767448.333333333,3,False,3.8896635109287216,
39017,Butler,2022,3,7566.666666666667,185620.0,193186.66666666666,3,False,3.9167644419904764,,5.623076923076923,13,295.453,3,3.37921875,64,3.10109375,64,2.6633333333333336,3,8.29210899596693,235001.0,5533600.333333333,5768601.333333333,3,False,4.073795126767875,
39017,Butler,2022,4,6310.0,185266.33333333334,191576.33333333334,3,False,3.2937262605506246,,6.664615384615384,13,298.5416666666667,3,4.250327868852459,61,3.82672131147541,61,4.04,3,7.0919535007186285,230544.0,5547080.0,5777624.0,3,False,3.9902908185094774,
39017,Butler,2023,1,7081.0,186883.33333333334,193964.33333333334,3,False,3.6506711715040394,,6.372307692307692,13,301.23033333333336,3,4.075322580645161,62,3.646290322580645,62,4.626666666666667,3,5.729849763137995,211238.0,5596884.0,5808122.0,3,False,3.636941510526122,
39017,Butler,2023,2,6347.0,189278.0,195625.0,3,False,3.2444728434504793,,6.510769230769231,13,303.3976666666667,3,3.949365079365079,63,3.5957142857142856,63,5.073333333333333,3,4.043936096276246,201358.33333333334,5631031.666666667,5832390.0,3,False,3.452415447755266,
39017,Butler,2023,3,7165.0,189692.33333333334,196857.33333333334,3,False,3.6396916887356663,,7.04,13,305.989,3,4.5993650793650795,63,4.14968253968254,63,5.29,3,3.566049422412365,213856.33333333334,5638048.0,5851904.333333333,3,False,3.6544741874055475,
39017,Butler,2023,4,6577.0,188934.66666666666,195511.66666666666,3,False,3.363993623568926,,7.303846153846154,13,308.195,3,4.58,62,4.4470967741935485,62,5.283333333333333,3,3.2334961618980973,227428.0,5641122.0,5868550.0,3,False,3.8753695546600095,
39017,Butler,2024,1,8214.666666666666,187750.0,195964.66666666666,3,False,4.191912147427938,,6.748461538461539,13,311.00333333333333,3,4.267704918032787,61,4.15639344262295,61,5.233333333333333,3,3.244361180978883,236596.33333333334,5650783.0,5887379.333333333,3,False,4.018703737905343,
39017,Butler,2024,2,8581.666666666666,189818.33333333334,198400.0,3,False,4.325436827956989,,6.995384615384615,13,313.0806666666667,3,4.62952380952381,63,4.448730158730158,63,5.243333333333333,3,3.191520919189661,253464.66666666666,5668047.666666667,5921512.333333333,3,False,4.280404268346538,
39017,Butler,2024,3,9062.666666666666,190958.33333333334,200021.0,3,False,4.530857593286038,,6.508461538461538,13,314.12100000000004,3,3.8753125,64,3.9546875,64,4.989999999999999,3,2.657611874936694,264590.6666666667,5683175.333333333,5947766.0,3,False,4.448572231433897,
39017,Butler,2024,4,8389.333333333334,190886.66666666666,199276.0,3,False,4.2099065282991095,,6.632307692307692,13,316.5876666666666,3,4.103387096774194,62,4.275483870967742,62,4.3999999999999995,3,2.7231676914507563,279366.3333333333,5684449.333333333,5963815.666666667,3,False,4.6843556029872815,
39017,Butler,2025,1,10001.666666666666,188691.33333333334,198693.0,3,False,5.033728750719284,,6.827692307692308,13,319.47499999999997,3,4.168852459016394,61,4.453606557377049,61,4.21,3,2.723979378570429,289168.3333333333,5680071.333333333,5969239.666666667,3,False,4.844307641861032,
39017,Butler,2025,2,9101.333333333334,190687.33333333334,199788.66666666666,3,False,4.555480290840656,,6.788461538461538,13,320.78566666666666,3,3.8464516129032256,62,4.361774193548388,62,4.23,3,2.4610270835418335,278407.3333333333,5676234.0,5954641.333333333,3,False,4.675467719186445,
39017,Butler,2025,3,9172.0,190542.0,199714.0,3,False,4.592567371341017,,6.5661538461538465,13,323.23499999999996,3,3.689375,64,4.26109375,64,4.096666666666667,3,2.9014297038402193,261728.33333333334,5676120.666666667,5937849.0,3,False,4.40779705467979,
39017,Butler,2025,4,,,,2,False,,incomplete_period,6.226428571428571,14,,2,3.5438709677419356,62,4.1,62,3.73,3,,,,,2,False,,incomplete_period
39035,Cuyahoga,2015,1,37225.0,573943.0,611168.0,3,False,6.090796638567464,,3.716666666666667,12,235.35500000000002,3,0.9696721311475409,61,1.9688524590163934,61,0.02666666666666667,3,-0.11289316317305564,295617.3333333333,5436840.0,5732457.333333333,3,False,5.1569042060612515,
39035,Cuyahoga,2015,2,34874.666666666664,586857.3333333334,621732.0,3,False,5.609276451375619,,3.819230769230769,13,236.96,3,0.96890625,64,2.164375,64,0.02,3,0.03701009123058263,286497.6666666667,5439835.333333333,5726333.0,3,False,5.003161127141343,
39035,Cuyahoga,2015,3,30359.0,592564.6666666666,622923.6666666666,3,False,4.87363085150615,,3.9546153846153844,13,237.855,3,1.02328125,64,2.223125,64,0.04,3,0.15861096099996086,273954.3333333333,5443802.0,5717756.333333333,3,False,4.7912908029367465,
39035,Cuyahoga,2015,4,25534.0,582565.0,608099.0,3,False,4.198987335943654,,3.8978571428571427,14,237.837,3,1.1372580645161292,62,2.190483870967742,62,0.12333333333333334,3,0.40046998234049,278298.0,5452221.666666667,5730519.666666667,3,False,4.85641819918717,
39035,Cuyahoga,2016,1,34408.333333333336,587218.0,621626.3333333334,3,False,5.5352116678883725,,3.7384615384615385,13,237.68933333333334,3,1.0234426229508196,61,1.9142622950819672,61,0.2866666666666667,3,0.9918350293528055,288278.0,5479391.333333333,5767669.333333333,3,False,4.998171416206939,
39035,Cuyahoga,2016,2,34384.333333333336,600875.0,635259.3333333334,3,False,5.412645124458358,,3.589230769230769,13,239.59033333333332,3,0.91609375,64,1.75015625,64,0.25666666666666665,3,1.1100326356065615,286618.6666666667,5486912.666666667,5773531.333333333,3,False,4.964356303253804,
39035,Cuyahoga,2016,3,35516.0,606938.0,642454.0,3,False,5.528177892891942,,3.446153846153846,13,240.60733333333334,3,0.8496875,64,1.564375,64,0.29666666666666663,3,1.1571475618899596,290780.3333333333,5478285.0,5769065.333333333,3,False,5.040336978907502,
39035,Cuyahoga,2016,4,33478.333333333336,598040.3333333334,631518.6666666666,3,False,5.301242085216801,,3.8423076923076924,13,242.13466666666667,3,1.238688524590164,61,2.138688524590164,61,0.43,3,1.8069798503457024,301445.0,5477886.333333333,5779331.333333333,3,False,5.215914828439784,
39035,Cuyahoga,2017,1,41253.666666666664,585329.6666666666,626583.3333333334,3,False,6.583907434499268,,4.173076923076923,13,243.83866666666665,3,1.5164516129032257,62,2.4466129032258066,62,0.59,3,2.587130540144833,298230.0,5500477.666666667,5798707.666666667,3,False,5.143042504355711,
39035,Cuyahoga,2017,2,37236.666666666664,606325.6666666666,643562.3333333334,3,False,5.7860233170886834,,3.98,13,244.12,3,1.472063492063492,63,2.260952380952381,63,0.89,3,1.8905882402044716,290198.0,5529096.333333333,5819294.333333333,3,False,4.986824576611036,
39035,Cuyahoga,2017,3,35692.333333333336,611268.3333333334,646960.6666666666,3,False,5.516924779558985,,3.883846153846154,13,245.287,3,1.5101587301587303,63,2.2414285714285715,63,1.0366666666666668,3,1.9449393340740473,286916.6666666667,5544025.666666667,5830942.333333333,3,False,4.920588307424524,
39035,Cuyahoga,2017,4,28558.333333333332,603280.3333333334,631838.6666666666,3,False,4.519877437067268,,3.9223076923076925,13,247.23833333333334,3,1.8129032258064515,62,2.371451612903226,62,1.2066666666666668,3,2.1077802435008675,274190.0,5535526.666666667,5809716.666666667,3,False,4.719507262258917,
39035,Cuyahoga,2018,1,33389.0,593454.0,626843.0,3,False,5.326533119138285,,4.282307692307692,13,249.3216666666667,3,2.30672131147541,61,2.7585245901639346,61,1.5599999999999998,3,2.248617938637043,263177.6666666667,5532966.0,5796143.666666667,3,False,4.540564930786452,
39035,Cuyahoga,2018,2,32444.0,609808.0,642252.0,3,False,5.0515996836132855,,4.544615384615384,13,250.679,3,2.6090625,64,2.920625,64,1.8399999999999999,3,2.686793380304775,259172.0,5553948.0,5813120.0,3,False,4.45839755587361,
39035,Cuyahoga,2018,3,29657.666666666668,617547.0,647204.6666666666,3,False,4.582424724996833,,4.566923076923077,13,251.68633333333332,3,2.7434920634920634,63,2.9238095238095236,63,2.0399999999999996,3,2.608916629635205,256824.33333333334,5559419.0,5816243.333333333,3,False,4.415639419029351,
39035,Cuyahoga,2018,4,25184.666666666668,610717.6666666666,635902.3333333334,3,False,3.9604614335429917,,4.7846153846153845,13,252.711,3,2.8442622950819674,61,3.0411475409836064,61,2.316666666666667,3,2.213518669569847,261041.0,5571125.0,5832166.0,3,False,4.475884259810163,
39035,Cuyahoga,2019,1,29884.333333333332,601583.0,631467.3333333334,3,False,4.73252245299572,,4.373846153846154,13,253.38566666666665,3,2.4554098360655736,61,2.652950819672131,61,2.3866666666666667,3,1.6300227951842494,245443.0,5595937.0,5841380.0,3,False,4.20179820521863,
39035,Cuyahoga,2019,2,26944.0,615473.0,642417.0,3,False,4.19416049077157,,4.010769230769231,13,255.24733333333333,3,2.0882539682539685,63,2.338888888888889,63,2.3000000000000003,3,1.8223837390979325,230219.66666666666,5624339.333333333,5854559.0,3,False,3.9323144009081923,
39035,Cuyahoga,2019,3,26874.333333333332,625536.6666666666,652411.0,3,False,4.119233632377954,,3.6584615384615384,13,256.08933333333334,3,1.63265625,64,1.79796875,64,1.9799999999999998,3,1.749399715783806,243146.0,5640103.0,5883249.0,3,False,4.132852442587421,
39035,Cuyahoga,2019,4,22570.0,622899.3333333334,645469.3333333334,3,False,3.4966804516403567,,3.7,13,257.888,3,1.5896774193548386,62,1.7919354838709676,62,1.5766666666666669,3,2.0485851427124224,251905.66666666666,5659120.0,5911025.666666667,3,False,4.261623631364144,
39035,Cuyahoga,2020,1,32074.666666666668,599369.6666666666,631444.3333333334,3,False,5.079571543123622,,3.5215384615384617,13,258.81766666666664,3,1.0933870967741937,62,1.365,62,1.11,3,2.143767669047314,267936.6666666667,5615184.666666667,5883121.333333333,3,False,4.554328416593369,
39035,Cuyahoga,2020,2,106574.66666666667,498146.0,604720.6666666666,3,False,17.623784424985203,,3.2392307692307694,13,256.292,3,0.24079365079365078,63,0.6876190476190476,63,0.14333333333333334,3,0.40927623141997493,753342.3333333334,4861525.0,5614867.333333333,3,False,13.416921337767437,
39035,Cuyahoga,2020,3,69199.0,545668.3333333334,614867.3333333334,3,False,11.254297675054021,,2.9523076923076923,13,259.22166666666664,3,0.16453125,64,0.650625,64,0.11333333333333334,3,1.2231408831293145,488151.0,5214627.666666667,5702778.666666667,3,False,8.559879815313423,
39035,Cuyahoga,2020,4,44561.0,556865.3333333334,601426.3333333334,3,False,7.409219970969013,,2.7607142857142857,14,261.0916666666667,3,0.1964516129032258,62,0.864516129032258,62,0.09333333333333334,3,1.242270546387081,372020.0,5355922.333333333,5727942.333333333,3,False,6.494827956543092,
39035,Cuyahoga,2021,1,46849.666666666664,552462.0,599311.6666666666,3,False,7.817245895986228,,2.875833333333333,12,263.74233333333336,3,0.2478688524590164,61,1.3359016393442622,61,0.049999999999999996,3,1.9027552215008736,346198.6666666667,5390208.333333333,5736407.0,3,False,6.035113384853388,
39035,Cuyahoga,2021,2,43362.0,572015.3333333334,615377.3333333334,3,False,7.046408382499193,,3.003846153846154,13,268.5503333333333,3,0.3540625,64,1.59078125,64,0.02666666666666667,3,4.7829558992607435,326862.6666666667,5419386.333333333,5746249.0,3,False,5.688278852285494,
39035,Cuyahoga,2021,3,36017.666666666664,583150.0,619167.6666666666,3,False,5.81711038959291,,2.8721428571428573,14,272.8296666666667,3,0.43125,64,1.32484375,64,0.04666666666666667,3,5.249561186372054,286108.3333333333,5452847.0,5738955.333333333,3,False,4.98537306383171,
39035,Cuyahoga,2021,4,25779.0,579928.6666666666,605707.6666666666,3,False,4.256013489455585,,3.079230769230769,13,278.77133333333336,3,0.8185483870967742,62,1.5333870967741934,62,0.05333333333333334,3,6.771440426414732,245037.33333333334,5488309.333333333,5733346.666666667,3,False,4.273897037448751,
39035,Cuyahoga,2022,1,31621.666666666668,569044.6666666666,600666.3333333334,3,False,5.264431334312616,,3.822307692307692,13,284.90566666666666,3,1.6825806451612901,62,1.9511290322580646,62,0.3066666666666667,3,8.024245886452297,225055.33333333334,5526126.0,5751181.333333333,3,False,3.9132018326205915,
39035,Cuyahoga,2022,2,30588.666666666668,585665.6666666666,616254.3333333334,3,False,4.963643257680947,,5.266153846153846,13,291.60533333333336,3,2.8891935483870967,62,2.9325806451612904,62,1.0766666666666667,3,8.584982827551912,224334.33333333334,5543114.0,5767448.333333333,3,False,3.8896635109287216,
39035,Cuyahoga,2022,3,28137.333333333332,595222.3333333334,623359.6666666666,3,False,4.513820004395536,,5.623076923076923,13,295.453,3,3.37921875,64,3.10109375,64,2.6633333333333336,3,8.29210899596693,235001.0,5533600.333333333,5768601.333333333,3,False,4.073795126767875,
39035,Cuyahoga,2022,4,21938.666666666668,587114.3333333334,609053.0,3,False,3.6020948368478063,,6.664615384615384,13,298.5416666666667,3,4.250327868852459,61,3.82672131147541,61,4.04,3,7.0919535007186285,230544.0,5547080.0,5777624.0,3,False,3.9902908185094774,
39035,Cuyahoga,2023,1,26044.0,582142.6666666666,608186.6666666666,3,False,4.282237909413777,,6.372307692307692,13,301.23033333333336,3,4.075322580645161,62,3.646290322580645,62,4.626666666666667,3,5.729849763137995,211238.0,5596884.0,5808122.0,3,False,3.636941510526122,
39035,Cuyahoga,2023,2,24918.333333333332,594837.3333333334,619755.6666666666,3,False,4.0206705115510575,,6.510769230769231,13,303.3976666666667,3,3.949365079365079,63,3.5957142857142856,63,5.073333333333333,3,4.043936096276246,201358.33333333334,5631031.666666667,5832390.0,3,False,3.452415447755266,
39035,Cuyahoga,2023,3,23852.666666666668,604371.0,628223.6666666666,3,False,3.796843056427356,,7.04,13,305.989,3,4.5993650793650795,63,4.14968253968254,63,5.29,3,3.566049422412365,213856.33333333334,5638048.0,5851904.333333333,3,False,3.6544741874055475,
39035,Cuyahoga,2023,4,19073.333333333332,598822.0,617895.3333333334,3,False,3.0868226873375533,,7.303846153846154,13,308.195,3,4.58,62,4.4470967741935485,62,5.283333333333333,3,3.2334961618980973,227428.0,5641122.0,5868550.0,3,False,3.8753695546600095,
39035,Cuyahoga,2024,1,25604.666666666668,587013.0,612617.6666666666,3,False,4.179550812823442,,6.748461538461539,13,311.00333333333333,3,4.267704918032787,61,4.15639344262295,61,5.233333333333333,3,3.244361180978883,236596.33333333334,5650783.0,5887379.333333333,3,False,4.018703737905343,
39035,Cuyahoga,2024,2,25866.666666666668,603201.6666666666,629068.3333333334,3,False,4.1119009328610305,,6.995384615384615,13,313.0806666666667,3,4.62952380952381,63,4.448730158730158,63,5.243333333333333,3,3.191520919189661,253464.66666666666,5668047.666666667,5921512.333333333,3,False,4.280404268346538,
39035,Cuyahoga,2024,3,25405.333333333332,613049.0,638454.3333333334,3,False,3.979193500135483,,6.508461538461538,13,314.12100000000004,3,3.8753125,64,3.9546875,64,4.989999999999999,3,2.657611874936694,264590.6666666667,5683175.333333333,5947766.0,3,False,4.448572231433897,
39035,Cuyahoga,2024,4,20895.0,604500.0,625395.0,3,False,3.341088432110906,,6.632307692307692,13,316.5876666666666,3,4.103387096774194,62,4.275483870967742,62,4.3999999999999995,3,2.7231676914507563,279366.3333333333,5684449.333333333,5963815.666666667,3,False,4.6843556029872815,
39035,Cuyahoga,2025,1,28469.666666666668,596479.0,624948.6666666666,3,False,4.55552082677724,,6.827692307692308,13,319.47499999999997,3,4.168852459016394,61,4.453606557377049,61,4.21,3,2.723979378570429,289168.3333333333,5680071.333333333,5969239.666666667,3,False,4.844307641861032,
39035,Cuyahoga,2025,2,28086.333333333332,609265.6666666666,637352.0,3,False,4.406722397251963,,6.788461538461538,13,320.78566666666666,3,3.8464516129032256,62,4.361774193548388,62,4.23,3,2.4610270835418335,278407.3333333333,5676234.0,5954641.333333333,3,False,4.675467719186445,
39035,Cuyahoga,2025,3,25098.0,617230.6666666666,642328.6666666666,3,False,3.907345460735055,,6.5661538461538465,13,323.23499999999996,3,3.689375,64,4.26109375,64,4.096666666666667,3,2.9014297038402193,261728.33333333334,5676120.666666667,5937849.0,3,False,4.40779705467979,
39035,Cuyahoga,2025,4,,,,2,False,,incomplete_period,6.226428571428571,14,,2,3.5438709677419356,62,4.1,62,3.73,3,,,,,2,False,,incomplete_period
39049,Franklin,2015,1,29524.333333333332,620304.0,649828.3333333334,3,False,4.5434050531294154,,3.716666666666667,12,235.35500000000002,3,0.9696721311475409,61,1.9688524590163934,61,0.02666666666666667,3,-0.11289316317305564,295617.3333333333,5436840.0,5732457.333333333,3,False,5.1569042060612515,
39049,Franklin,2015,2,27080.666666666668,632448.3333333334,659529.0,3,False,4.106061547963269,,3.819230769230769,13,236.96,3,0.96890625,64,2.164375,64,0.02,3,0.03701009123058263,286497.6666666667,5439835.333333333,5726333.0,3,False,5.003161127141343,
39049,Franklin,2015,3,26633.0,635046.3333333334,661679.3333333334,3,False,4.025061484969053,,3.9546153846153844,13,237.855,3,1.02328125,64,2.223125,64,0.04,3,0.15861096099996086,273954.3333333333,5443802.0,5717756.333333333,3,False,4.7912908029367465,
39049,Franklin,2015,4,25944.0,636515.3333333334,662459.3333333334,3,False,3.916315869452112,,3.8978571428571427,14,237.837,3,1.1372580645161292,62,2.190483870967742,62,0.12333333333333334,3,0.40046998234049,278298.0,5452221.666666667,5730519.666666667,3,False,4.85641819918717,
39049,Franklin,2016,1,28922.0,634408.6666666666,663330.6666666666,3,False,4.360118030625249,,3.7384615384615385,13,237.68933333333334,3,1.0234426229508196,61,1.9142622950819672,61,0.2866666666666667,3,0.9918350293528055,288278.0,5479391.333333333,5767669.333333333,3,False,4.998171416206939,
39049,Franklin,2016,2,26862.333333333332,645123.3333333334,671985.6666666666,3,False,3.9974562949507355,,3.589230769230769,13,239.59033333333332,3,0.91609375,64,1.75015625,64,0.25666666666666665,3,1.1100326356065615,286618.6666666667,5486912.666666667,5773531.333333333,3,False,4.964356303253804,
39049,Franklin,2016,3,28586.333333333332,648880.6666666666,677467.0,3,False,4.219590523720466,,3.446153846153846,13,240.60733333333334,3,0.8496875,64,1.564375,64,0.29666666666666663,3,1.1571475618899596,290780.3333333333,5478285.0,5769065.333333333,3,False,5.040336978907502,
39049,Franklin,2016,4,27056.0,652137.6666666666,679193.6666666666,3,False,3.9835471571436916,,3.8423076923076924,13,242.13466666666667,3,1.238688524590164,61,2.138688524590164,61,0.43,3,1.8069798503457024,301445.0,5477886.333333333,5779331.333333333,3,False,5.215914828439784,
39049,Franklin,2017,1,29643.666666666668,647213.3333333334,676857.0,3,False,4.379605539525582,,4.173076923076923,13,243.83866666666665,3,1.5164516129032257,62,2.4466129032258066,62,0.59,3,2.587130540144833,298230.0,5500477.666666667,5798707.666666667,3,False,5.143042504355711,
39049,Franklin,2017,2,27013.333333333332,659072.3333333334,686085.6666666666,3,False,3.937312007198323,,3.98,13,244.12,3,1.472063492063492,63,2.260952380952381,63,0.89,3,1.8905882402044716,290198.0,5529096.333333333,5819294.333333333,3,False,4.986824576611036,
39049,Franklin,2017,3,28365.333333333332,665247.0,693612.3333333334,3,False,4.08950821232033,,3.883846153846154,13,245.287,3,1.5101587301587303,63,2.2414285714285715,63,1.0366666666666668,3,1.9449393340740473,286916.6666666667,5544025.666666667,5830942.333333333,3,False,4.920588307424524,
39049,Franklin,2017,4,25303.333333333332,665928.6666666666,691232.0,3,False,3.6606137061555786,,3.9223076923076925,13,247.23833333333334,3,1.8129032258064515,62,2.371451612903226,62,1.2066666666666668,3,2.1077802435008675,274190.0,5535526.666666667,5809716.666666667,3,False,4.719507262258917,
39049,Franklin,2018,1,26449.0,655081.0,681530.0,3,False,3.88082696286297,,4.282307692307692,13,249.3216666666667,3,2.30672131147541,61,2.7585245901639346,61,1.5599999999999998,3,2.248617938637043,263177.6666666667,5532966.0,5796143.666666667,3,False,4.540564930786452,
39049,Franklin,2018,2,26435.666666666668,665115.3333333334,691551.0,3,False,3.822663356233549,,4.544615384615384,13,250.679,3,2.6090625,64,2.920625,64,1.8399999999999999,3,2.686793380304775,259172.0,5553948.0,5813120.0,3,False,4.45839755587361,
39049,Franklin,2018,3,26315.333333333332,669139.3333333334,695454.6666666666,3,False,3.7839034799296765,,4.566923076923077,13,251.68633333333332,3,2.7434920634920634,63,2.9238095238095236,63,2.0399999999999996,3,2.608916629635205,256824.33333333334,5559419.0,5816243.333333333,3,False,4.415639419029351,
39049,Franklin,2018,4,25239.666666666668,673808.3333333334,699048.0,3,False,3.610577051456648,,4.7846153846153845,13,252.711,3,2.8442622950819674,61,3.0411475409836064,61,2.316666666666667,3,2.213518669569847,261041.0,5571125.0,5832166.0,3,False,4.475884259810163,
39049,Franklin,2019,1,26017.666666666668,665650.6666666666,691668.3333333334,3,False,3.7615812973944642,,4.373846153846154,13,253.38566666666665,3,2.4554098360655736,61,2.652950819672131,61,2.3866666666666667,3,1.6300227951842494,245443.0,5595937.0,5841380.0,3,False,4.20179820521863,
39049,Franklin,2019,2,23317.0,675073.6666666666,698390.6666666666,3,False,3.338675774590344,,4.010769230769231,13,255.24733333333333,3,2.0882539682539685,63,2.338888888888889,63,2.3000000000000003,3,1.8223837390979325,230219.66666666666,5624339.333333333,5854559.0,3,False,3.9323144009081923,
39049,Franklin,2019,3,26501.666666666668,683045.0,709546.6666666666,3,False,3.7350139055923037,,3.6584615384615384,13,256.08933333333334,3,1.63265625,64,1.79796875,64,1.9799999999999998,3,1.749399715783806,243146.0,5640103.0,5883249.0,3,False,4.132852442587421,
39049,Franklin,2019,4,23462.666666666668,688935.0,712397.6666666666,3,False,3.2934788762643343,,3.7,13,257.888,3,1.5896774193548386,62,1.7919354838709676,62,1.5766666666666669,3,2.0485851427124224,251905.66666666666,5659120.0,5911025.666666667,3,False,4.261623631364144,
39049,Franklin,2020,1,27789.333333333332,675778.6666666666,703568.0,3,False,3.949772208703825,,3.5215384615384617,13,258.81766666666664,3,1.0933870967741937,62,1.365,62,1.11,3,2.143767669047314,267936.6666666667,5615184.666666667,5883121.333333333,3,False,4.554328416593369,
39049,Franklin,2020,2,80807.0,600377.0,681184.0,3,False,11.862727251374078,,3.2392307692307694,13,256.292,3,0.24079365079365078,63,0.6876190476190476,63,0.14333333333333334,3,0.40927623141997493,753342.3333333334,4861525.0,5614867.333333333,3,False,13.416921337767437,
39049,Franklin,2020,3,60403.333333333336,645246.3333333334,705649.6666666666,3,False,8.559960584784992,,2.9523076923076923,13,259.22166666666664,3,0.16453125,64,0.650625,64,0.11333333333333334,3,1.2231408831293145,488151.0,5214627.666666667,5702778.666666667,3,False,8.559879815313423,
39049,Franklin,2020,4,40832.0,665150.6666666666,705982.6666666666,3,False,5.783711403679411,,2.7607142857142857,14,261.0916666666667,3,0.1964516129032258,62,0.864516129032258,62,0.09333333333333334,3,1.242270546387081,372020.0,5355922.333333333,5727942.333333333,3,False,6.494827956543092,
39049,Franklin,2021,1,47400.333333333336,655529.0,702929.3333333334,3,False,6.743257264362279,,2.875833333333333,12,263.74233333333336,3,0.2478688524590164,61,1.3359016393442622,61,0.049999999999999996,3,1.9027552215008736,346198.6666666667,5390208.333333333,5736407.0,3,False,6.035113384853388,
39049,Franklin,2021,2,40319.333333333336,660676.0,700995.3333333334,3,False,5.751726354811682,,3.003846153846154,13,268.5503333333333,3,0.3540625,64,1.59078125,64,0.02666666666666667,3,4.7829558992607435,326862.6666666667,5419386.333333333,5746249.0,3,False,5.688278852285494,
39049,Franklin,2021,3,32935.333333333336,671977.0,704912.3333333334,3,False,4.672259481911935,,2.8721428571428573,14,272.8296666666667,3,0.43125,64,1.32484375,64,0.04666666666666667,3,5.249561186372054,286108.3333333333,5452847.0,5738955.333333333,3,False,4.98537306383171,
39049,Franklin,2021,4,23079.333333333332,679878.6666666666,702958.0,3,False,3.2831738643465656,,3.079230769230769,13,278.77133333333336,3,0.8185483870967742,62,1.5333870967741934,62,0.05333333333333334,3,6.771440426414732,245037.33333333334,5488309.333333333,5733346.666666667,3,False,4.273897037448751,
39049,Franklin,2022,1,25006.666666666668,678509.3333333334,703516.0,3,False,3.5545270706944363,,3.822307692307692,13,284.90566666666666,3,1.6825806451612901,62,1.9511290322580646,62,0.3066666666666667,3,8.024245886452297,225055.33333333334,5526126.0,5751181.333333333,3,False,3.9132018326205915,
39049,Franklin,2022,2,24103.333333333332,679947.3333333334,704050.6666666666,3,False,3.4235225495134816,,5.266153846153846,13,291.60533333333336,3,2.8891935483870967,62,2.9325806451612904,62,1.0766666666666667,3,8.584982827551912,224334.33333333334,5543114.0,5767448.333333333,3,False,3.8896635109287216,
39049,Franklin,2022,3,25896.0,680293.6666666666,706189.6666666666,3,False,3.6670035292690493,,5.623076923076923,13,295.453,3,3.37921875,64,3.10109375,64,2.6633333333333336,3,8.29210899596693,235001.0,5533600.333333333,5768601.333333333,3,False,4.073795126767875,
39049,Franklin,2022,4,22314.0,678828.3333333334,701142.3333333334,3,False,3.182520715004609,,6.664615384615384,13,298.5416666666667,3,4.250327868852459,61,3.82672131147541,61,4.04,3,7.0919535007186285,230544.0,5547080.0,5777624.0,3,False,3.9902908185094774,
39049,Franklin,2023,1,24739.0,679767.3333333334,704506.3333333334,3,False,3.5115369201790947,,6.372307692307692,13,301.23033333333336,3,4.075322580645161,62,3.646290322580645,62,4.626666666666667,3,5.729849763137995,211238.0,5596884.0,5808122.0,3,False,3.636941510526122,
39049,Franklin,2023,2,22408.0,689697.6666666666,712105.6666666666,3,False,3.146724011464591,,6.510769230769231,13,303.3976666666667,3,3.949365079365079,63,3.5957142857142856,63,5.073333333333333,3,4.043936096276246,201358.33333333334,5631031.666666667,5832390.0,3,False,3.452415447755266,
39049,Franklin,2023,3,24527.0,692602.3333333334,717129.3333333334,3,False,3.420164098712087,,7.04,13,305.989,3,4.5993650793650795,63,4.14968253968254,63,5.29,3,3.566049422412365,213856.33333333334,5638048.0,5851904.333333333,3,False,3.6544741874055475,
39049,Franklin,2023,4,22787.0,693640.6666666666,716427.6666666666,3,False,3.1806421025058125,,7.303846153846154,13,308.195,3,4.58,62,4.4470967741935485,62,5.283333333333333,3,3.2334961618980973,227428.0,5641122.0,5868550.0,3,False,3.8753695546600095,
39049,Franklin,2024,1,29132.666666666668,688344.3333333334,717477.0,3,False,4.06043213464218,,6.748461538461539,13,311.00333333333333,3,4.267704918032787,61,4.15639344262295,61,5.233333333333333,3,3.244361180978883,236596.33333333334,5650783.0,5887379.333333333,3,False,4.018703737905343,
39049,Franklin,2024,2,30125.0,698071.3333333334,728196.3333333334,3,False,4.1369337664887995,,6.995384615384615,13,313.0806666666667,3,4.62952380952381,63,4.448730158730158,63,5.243333333333333,3,3.191520919189661,253464.66666666666,5668047.666666667,5921512.333333333,3,False,4.280404268346538,
39049,Franklin,2024,3,31921.666666666668,703677.6666666666,735599.3333333334,3,False,4.339545350322051,,6.508461538461538,13,314.12100000000004,3,3.8753125,64,3.9546875,64,4.989999999999999,3,2.657611874936694,264590.6666666667,5683175.333333333,5947766.0,3,False,4.448572231433897,
39049,Franklin,2024,4,30094.0,707213.0,737307.0,3,False,4.081610509597766,,6.632307692307692,13,316.5876666666666,3,4.103387096774194,62,4.275483870967742,62,4.3999999999999995,3,2.7231676914507563,279366.3333333333,5684449.333333333,5963815.666666667,3,False,4.6843556029872815,
39049,Franklin,2025,1,35751.333333333336,701124.6666666666,736876.0,3,False,4.851743486466289,,6.827692307692308,13,319.47499999999997,3,4.168852459016394,61,4.453606557377049,61,4.21,3,2.723979378570429,289168.3333333333,5680071.333333333,5969239.666666667,3,False,4.844307641861032,
39049,Franklin,2025,2,32778.666666666664,708103.6666666666,740882.3333333334,3,False,4.424274299967561,,6.788461538461538,13,320.78566666666666,3,3.8464516129032256,62,4.361774193548388,62,4.23,3,2.4610270835418335,278407.3333333333,5676234.0,5954641.333333333,3,False,4.675467719186445,
39049,Franklin,2025,3,31926.666666666668,710342.3333333334,742269.0,3,False,4.301225925731328,,6.5661538461538465,13,323.23499999999996,3,3.689375,64,4.26109375,64,4.096666666666667,3,2.9014297038402193,261728.33333333334,5676120.666666667,5937849.0,3,False,4.40779705467979,
39049,Franklin,2025,4,,,,2,False,,incomplete_period,6.226428571428571,14,,2,3.5438709677419356,62,4.1,62,3.73,3,,,,,2,False,,incomplete_period
39061,Hamilton,2015,1,20091.666666666668,377263.0,397354.6666666667,3,False,5.056356034575325,,3.716666666666667,12,235.35500000000002,3,0.9696721311475409,61,1.9688524590163934,61,0.02666666666666667,3,-0.11289316317305564,295617.3333333333,5436840.0,5732457.333333333,3,False,5.1569042060612515,
39061,Hamilton,2015,2,18180.0,387518.6666666667,405698.6666666667,3,False,4.481158429573345,,3.819230769230769,13,236.96,3,0.96890625,64,2.164375,64,0.02,3,0.03701009123058263,286497.6666666667,5439835.333333333,5726333.0,3,False,5.003161127141343,
39061,Hamilton,2015,3,17964.666666666668,387710.6666666667,405675.3333333333,3,False,4.4283359599548415,,3.9546153846153844,13,237.855,3,1.02328125,64,2.223125,64,0.04,3,0.15861096099996086,273954.3333333333,5443802.0,5717756.333333333,3,False,4.7912908029367465,
39061,Hamilton,2015,4,17211.666666666668,386136.0,403347.6666666667,3,False,4.267203727470842,,3.8978571428571427,14,237.837,3,1.1372580645161292,62,2.190483870967742,62,0.12333333333333334,3,0.40046998234049,278298.0,5452221.666666667,5730519.666666667,3,False,4.85641819918717,
39061,Hamilton,2016,1,18945.0,390031.6666666667,408976.6666666667,3,False,4.632293610882447,,3.7384615384615385,13,237.68933333333334,3,1.0234426229508196,61,1.9142622950819672,61,0.2866666666666667,3,0.9918350293528055,288278.0,5479391.333333333,5767669.333333333,3,False,4.998171416206939,
39061,Hamilton,2016,2,17502.0,399604.6666666667,417106.6666666667,3,False,4.196048972285267,,3.589230769230769,13,239.59033333333332,3,0.91609375,64,1.75015625,64,0.25666666666666665,3,1.1100326356065615,286618.6666666667,5486912.666666667,5773531.333333333,3,False,4.964356303253804,
39061,Hamilton,2016,3,18679.0,400920.0,419599.0,3,False,4.451631200265015,,3.446153846153846,13,240.60733333333334,3,0.8496875,64,1.564375,64,0.29666666666666663,3,1.1571475618899596,290780.3333333333,5478285.0,5769065.333333333,3,False,5.040336978907502,
39061,Hamilton,2016,4,17579.666666666668,398329.0,415908.6666666667,3,False,4.226809411681732,,3.8423076923076924,13,242.13466666666667,3,1.238688524590164,61,2.138688524590164,61,0.43,3,1.8069798503457024,301445.0,5477886.333333333,5779331.333333333,3,False,5.215914828439784,
39061,Hamilton,2017,1,18961.0,394787.3333333333,413748.3333333333,3,False,4.5827374934038,,4.173076923076923,13,243.83866666666665,3,1.5164516129032257,62,2.4466129032258066,62,0.59,3,2.587130540144833,298230.0,5500477.666666667,5798707.666666667,3,False,5.143042504355711,
39061,Hamilton,2017,2,17719.0,403770.0,421489.0,3,False,4.203905677253736,,3.98,13,244.12,3,1.472063492063492,63,2.260952380952381,63,0.89,3,1.8905882402044716,290198.0,5529096.333333333,5819294.333333333,3,False,4.986824576611036,
39061,Hamilton,2017,3,18834.666666666668,406830.0,425664.6666666667,3,False,4.424766287077308,,3.883846153846154,13,245.287,3,1.5101587301587303,63,2.2414285714285715,63,1.0366666666666668,3,1.9449393340740473,286916.6666666667,5544025.666666667,5830942.333333333,3,False,4.920588307424524,
39061,Hamilton,2017,4,16596.333333333332,404437.3333333333,421033.6666666667,3,False,3.941806712210662,,3.9223076923076925,13,247.23833333333334,3,1.8129032258064515,62,2.371451612903226,62,1.2066666666666668,3,2.1077802435008675,274190.0,5535526.666666667,5809716.666666667,3,False,4.719507262258917,
39061,Hamilton,2018,1,17317.0,397868.6666666667,415185.6666666667,3,False,4.170905064962904,,4.282307692307692,13,249.3216666666667,3,2.30672131147541,61,2.7585245901639346,61,1.5599999999999998,3,2.248617938637043,263177.6666666667,5532966.0,5796143.666666667,3,False,4.540564930786452,
39061,Hamilton,2018,2,17155.666666666668,405864.0,423019.6666666667,3,False,4.0555246052389995,,4.544615384615384,13,250.679,3,2.6090625,64,2.920625,64,1.8399999999999999,3,2.686793380304775,259172.0,5553948.0,5813120.0,3,False,4.45839755587361,
39061,Hamilton,2018,3,17189.666666666668,407470.6666666667,424660.3333333333,3,False,4.047862566239214,,4.566923076923077,13,251.68633333333332,3,2.7434920634920634,63,2.9238095238095236,63,2.0399999999999996,3,2.608916629635205,256824.33333333334,5559419.0,5816243.333333333,3,False,4.415639419029351,
39061,Hamilton,2018,4,16107.333333333334,408584.0,424691.3333333333,3,False,3.792715336785776,,4.7846153846153845,13,252.711,3,2.8442622950819674,61,3.0411475409836064,61,2.316666666666667,3,2.213518669569847,261041.0,5571125.0,5832166.0,3,False,4.475884259810163,
39061,Hamilton,2019,1,16847.333333333332,403610.6666666667,420458.0,3,False,4.006900411773193,,4.373846153846154,13,253.38566666666665,3,2.4554098360655736,61,2.652950819672131,61,2.3866666666666667,3,1.6300227951842494,245443.0,5595937.0,5841380.0,3,False,4.20179820521863,
39061,Hamilton,2019,2,14975.0,411216.0,426191.0,3,False,3.5136828323451224,,4.010769230769231,13,255.24733333333333,3,2.0882539682539685,63,2.338888888888889,63,2.3000000000000003,3,1.8223837390979325,230219.66666666666,5624339.333333333,5854559.0,3,False,3.9323144009081923,
39061,Hamilton,2019,3,17244.333333333332,414369.3333333333,431613.6666666667,3,False,3.9953167995143803,,3.6584615384615384,13,256.08933333333334,3,1.63265625,64,1.79796875,64,1.9799999999999998,3,1.749399715783806,243146.0,5640103.0,5883249.0,3,False,4.132852442587421,
39061,Hamilton,2019,4,14912.666666666666,416154.6666666667,431067.3333333333,3,False,3.4594750085446817,,3.7,13,257.888,3,1.5896774193548386,62,1.7919354838709676,62,1.5766666666666669,3,2.0485851427124224,251905.66666666666,5659120.0,5911025.666666667,3,False,4.261623631364144,
39061,Hamilton,2020,1,17891.666666666668,407871.0,425762.6666666667,3,False,4.20226291956082,,3.5215384615384617,13,258.81766666666664,3,1.0933870967741937,62,1.365,62,1.11,3,2.143767669047314,267936.6666666667,5615184.666666667,5883121.333333333,3,False,4.554328416593369,
39061,Hamilton,2020,2,49467.333333333336,358075.6666666667,407543.0,3,False,12.137942090364291,,3.2392307692307694,13,256.292,3,0.24079365079365078,63,0.6876190476190476,63,0.14333333333333334,3,0.40927623141997493,753342.3333333334,4861525.0,5614867.333333333,3,False,13.416921337767437,
39061,Hamilton,2020,3,36943.666666666664,386693.0,423636.6666666667,3,False,8.72060177353235,,2.9523076923076923,13,259.22166666666664,3,0.16453125,64,0.650625,64,0.11333333333333334,3,1.2231408831293145,488151.0,5214627.666666667,5702778.666666667,3,False,8.559879815313423,
39061,Hamilton,2020,4,24814.333333333332,397342.0,422156.3333333333,3,False,5.87799622414761,,2.7607142857142857,14,261.0916666666667,3,0.1964516129032258,62,0.864516129032258,62,0.09333333333333334,3,1.242270546387081,372020.0,5355922.333333333,5727942.333333333,3,False,6.494827956543092,
39061,Hamilton,2021,1,25625.333333333332,393428.6666666667,419054.0,3,False,6.115043248205083,,2.875833333333333,12,263.74233333333336,3,0.2478688524590164,61,1.3359016393442622,61,0.049999999999999996,3,1.9027552215008736,346198.6666666667,5390208.333333333,5736407.0,3,False,6.035113384853388,
39061,Hamilton,2021,2,22927.0,398690.0,421617.0,3,False,5.437873710025924,,3.003846153846154,13,268.5503333333333,3,0.3540625,64,1.59078125,64,0.02666666666666667,3,4.7829558992607435,326862.6666666667,5419386.333333333,5746249.0,3,False,5.688278852285494,
39061,Hamilton,2021,3,20269.666666666668,404283.3333333333,424553.0,3,False,4.774354831238189,,2.8721428571428573,14,272.8296666666667,3,0.43125,64,1.32484375,64,0.04666666666666667,3,5.249561186372054,286108.3333333333,5452847.0,5738955.333333333,3,False,4.98537306383171,
39061,Hamilton,2021,4,14320.333333333334,407148.3333333333,421468.6666666667,3,False,3.3977219342521314,,3.079230769230769,13,278.77133333333336,3,0.8185483870967742,62,1.5333870967741934,62,0.05333333333333334,3,6.771440426414732,245037.33333333334,5488309.333333333,5733346.666666667,3,False,4.273897037448751,
39061,Hamilton,2022,1,15647.333333333334,404588.0,420235.3333333333,3,False,3.7234692307326216,,3.822307692307692,13,284.90566666666666,3,1.6825806451612901,62,1.9511290322580646,62,0.3066666666666667,3,8.024245886452297,225055.33333333334,5526126.0,5751181.333333333,3,False,3.9132018326205915,
39061,Hamilton,2022,2,14750.333333333334,409662.6666666667,424413.0,3,False,3.475466899772942,,5.266153846153846,13,291.60533333333336,3,2.8891935483870967,62,2.9325806451612904,62,1.0766666666666667,3,8.584982827551912,224334.33333333334,5543114.0,5767448.333333333,3,False,3.8896635109287216,
39061,Hamilton,2022,3,16408.0,411552.3333333333,427960.3333333333,3,False,3.834000191606543,,5.623076923076923,13,295.453,3,3.37921875,64,3.10109375,64,2.6633333333333336,3,8.29210899596693,235001.0,5533600.333333333,5768601.333333333,3,False,4.073795126767875,
39061,Hamilton,2022,4,13554.0,410508.6666666667,424062.6666666667,3,False,3.19622571506727,,6.664615384615384,13,298.5416666666667,3,4.250327868852459,61,3.82672131147541,61,4.04,3,7.0919535007186285,230544.0,5547080.0,5777624.0,3,False,3.9902908185094774,
39061,Hamilton,2023,1,14751.0,411610.6666666667,426361.6666666667,3,False,3.459738797656137,,6.372307692307692,13,301.23033333333336,3,4.075322580645161,62,3.646290322580645,62,4.626666666666667,3,5.729849763137995,211238.0,5596884.0,5808122.0,3,False,3.636941510526122,
39061,Hamilton,2023,2,13504.0,416483.6666666667,429987.6666666667,3,False,3.1405551942187486,,6.510769230769231,13,303.3976666666667,3,3.949365079365079,63,3.5957142857142856,63,5.073333333333333,3,4.043936096276246,201358.33333333334,5631031.666666667,5832390.0,3,False,3.452415447755266,
39061,Hamilton,2023,3,15281.333333333334,417386.0,432667.3333333333,3,False,3.531889781371678,,7.04,13,305.989,3,4.5993650793650795,63,4.14968253968254,63,5.29,3,3.566049422412365,213856.33333333334,5638048.0,5851904.333333333,3,False,3.6544741874055475,
39061,Hamilton,2023,4,14093.0,415875.6666666667,429968.6666666667,3,False,3.277680699213741,,7.303846153846154,13,308.195,3,4.58,62,4.4470967741935485,62,5.283333333333333,3,3.2334961618980973,227428.0,5641122.0,5868550.0,3,False,3.8753695546600095,
39061,Hamilton,2024,1,17616.333333333332,412203.3333333333,429819.6666666667,3,False,4.098540550727088,,6.748461538461539,13,311.00333333333333,3,4.267704918032787,61,4.15639344262295,61,5.233333333333333,3,3.244361180978883,236596.33333333334,5650783.0,5887379.333333333,3,False,4.018703737905343,
39061,Hamilton,2024,2,18451.666666666668,416481.0,434932.6666666667,3,False,4.242419133076537,,6.995384615384615,13,313.0806666666667,3,4.62952380952381,63,4.448730158730158,63,5.243333333333333,3,3.191520919189661,253464.66666666666,5668047.666666667,5921512.333333333,3,False,4.280404268346538,
39061,Hamilton,2024,3,19653.666666666668,419067.0,438720.6666666667,3,False,4.4797676881721245,,6.508461538461538,13,314.12100000000004,3,3.8753125,64,3.9546875,64,4.989999999999999,3,2.657611874936694,264590.6666666667,5683175.333333333,5947766.0,3,False,4.448572231433897,
39061,Hamilton,2024,4,18227.0,418946.3333333333,437173.3333333333,3,False,4.169284494327193,,6.632307692307692,13,316.5876666666666,3,4.103387096774194,62,4.275483870967742,62,4.3999999999999995,3,2.7231676914507563,279366.3333333333,5684449.333333333,5963815.666666667,3,False,4.6843556029872815,
39061,Hamilton,2025,1,21685.333333333332,414306.3333333333,435991.6666666667,3,False,4.973795370706625,,6.827692307692308,13,319.47499999999997,3,4.168852459016394,61,4.453606557377049,61,4.21,3,2.723979378570429,289168.3333333333,5680071.333333333,5969239.666666667,3,False,4.844307641861032,
39061,Hamilton,2025,2,20034.666666666668,418713.6666666667,438748.3333333333,3,False,4.566323138929303,,6.788461538461538,13,320.78566666666666,3,3.8464516129032256,62,4.361774193548388,62,4.23,3,2.4610270835418335,278407.3333333333,5676234.0,5954641.333333333,3,False,4.675467719186445,
39061,Hamilton,2025,3,20203.333333333332,418182.0,438385.3333333333,3,False,4.608578754155401,,6.5661538461538465,13,323.23499999999996,3,3.689375,64,4.26109375,64,4.096666666666667,3,2.9014297038402193,261728.33333333334,5676120.666666667,5937849.0,3,False,4.40779705467979,
39061,Hamilton,2025,4,,,,2,False,,incomplete_period,6.226428571428571,14,,2,3.5438709677419356,62,4.1,62,3.73,3,,,,,2,False,,incomplete_period
39095,Lucas,2015,1,13174.666666666666,195165.0,208339.66666666666,3,False,6.323647761108062,,3.716666666666667,12,235.35500000000002,3,0.9696721311475409,61,1.9688524590163934,61,0.02666666666666667,3,-0.11289316317305564,295617.3333333333,5436840.0,5732457.333333333,3,False,5.1569042060612515,
39095,Lucas,2015,2,11014.333333333334,199164.33333333334,210178.66666666666,3,False,5.240462083053149,,3.819230769230769,13,236.96,3,0.96890625,64,2.164375,64,0.02,3,0.03701009123058263,286497.6666666667,5439835.333333333,5726333.0,3,False,5.003161127141343,
39095,Lucas,2015,3,10463.666666666666,198442.33333333334,208906.0,3,False,5.008791833009424,,3.9546153846153844,13,237.855,3,1.02328125,64,2.223125,64,0.04,3,0.15861096099996086,273954.3333333333,5443802.0,5717756.333333333,3,False,4.7912908029367465,
39095,Lucas,2015,4,10406.333333333334,200497.0,210903.33333333334,3,False,4.934172053547439,,3.8978571428571427,14,237.837,3,1.1372580645161292,62,2.190483870967742,62,0.12333333333333334,3,0.40046998234049,278298.0,5452221.666666667,5730519.666666667,3,False,4.85641819918717,
39095,Lucas,2016,1,12097.0,197476.0,209573.0,3,False,5.772213023624227,,3.7384615384615385,13,237.68933333333334,3,1.0234426229508196,61,1.9142622950819672,61,0.2866666666666667,3,0.9918350293528055,288278.0,5479391.333333333,5767669.333333333,3,False,4.998171416206939,
39095,Lucas,2016,2,10154.333333333334,201019.66666666666,211174.0,3,False,4.808514937129256,,3.589230769230769,13,239.59033333333332,3,0.91609375,64,1.75015625,64,0.25666666666666665,3,1.1100326356065615,286618.6666666667,5486912.666666667,5773531.333333333,3,False,4.964356303253804,
39095,Lucas,2016,3,11077.333333333334,199396.0,210473.33333333334,3,False,5.26305786956384,,3.446153846153846,13,240.60733333333334,3,0.8496875,64,1.564375,64,0.29666666666666663,3,1.1571475618899596,290780.3333333333,5478285.0,5769065.333333333,3,False,5.040336978907502,
39095,Lucas,2016,4,10837.333333333334,199492.66666666666,210330.0,3,False,5.152538075088354,,3.8423076923076924,13,242.13466666666667,3,1.238688524590164,61,2.138688524590164,61,0.43,3,1.8069798503457024,301445.0,5477886.333333333,5779331.333333333,3,False,5.215914828439784,
39095,Lucas,2017,1,12627.0,197500.0,210127.0,3,False,6.009222993713326,,4.173076923076923,13,243.83866666666665,3,1.5164516129032257,62,2.4466129032258066,62,0.59,3,2.587130540144833,298230.0,5500477.666666667,5798707.666666667,3,False,5.143042504355711,
39095,Lucas,2017,2,12913.333333333334,197296.66666666666,210210.0,3,False,6.143063285920429,,3.98,13,244.12,3,1.472063492063492,63,2.260952380952381,63,0.89,3,1.8905882402044716,290198.0,5529096.333333333,5819294.333333333,3,False,4.986824576611036,
39095,Lucas,2017,3,13397.0,196978.0,210375.0,3,False,6.36815210932858,,3.883846153846154,13,245.287,3,1.5101587301587303,63,2.2414285714285715,63,1.0366666666666668,3,1.9449393340740473,286916.6666666667,5544025.666666667,5830942.333333333,3,False,4.920588307424524,
39095,Lucas,2017,4,10677.0,199541.33333333334,210218.33333333334,3,False,5.079005161300552,,3.9223076923076925,13,247.23833333333334,3,1.8129032258064515,62,2.371451612903226,62,1.2066666666666668,3,2.1077802435008675,274190.0,5535526.666666667,5809716.666666667,3,False,4.719507262258917,
39095,Lucas,2018,1,11621.0,196588.33333333334,208209.33333333334,3,False,5.581402050500458,,4.282307692307692,13,249.3216666666667,3,2.30672131147541,61,2.7585245901639346,61,1.5599999999999998,3,2.248617938637043,263177.6666666667,5532966.0,5796143.666666667,3,False,4.540564930786452,
39095,Lucas,2018,2,11004.666666666666,198372.33333333334,209377.0,3,False,5.255909993297576,,4.544615384615384,13,250.679,3,2.6090625,64,2.920625,64,1.8399999999999999,3,2.686793380304775,259172.0,5553948.0,5813120.0,3,False,4.45839755587361,
39095,Lucas,2018,3,10808.333333333334,197441.0,208249.33333333334,3,False,5.190092645354608,,4.566923076923077,13,251.68633333333332,3,2.7434920634920634,63,2.9238095238095236,63,2.0399999999999996,3,2.608916629635205,256824.33333333334,5559419.0,5816243.333333333,3,False,4.415639419029351,
39095,Lucas,2018,4,10480.333333333334,200267.66666666666,210748.0,3,False,4.972921846628833,,4.7846153846153845,13,252.711,3,2.8442622950819674,61,3.0411475409836064,61,2.316666666666667,3,2.213518669569847,261041.0,5571125.0,5832166.0,3,False,4.475884259810163,
39095,Lucas,2019,1,11035.0,197327.0,208362.0,3,False,5.296071260594542,,4.373846153846154,13,253.38566666666665,3,2.4554098360655736,61,2.652950819672131,61,2.3866666666666667,3,1.6300227951842494,245443.0,5595937.0,5841380.0,3,False,4.20179820521863,
39095,Lucas,2019,2,9989.333333333334,200707.0,210696.33333333334,3,False,4.741104496360481,,4.010769230769231,13,255.24733333333333,3,2.0882539682539685,63,2.338888888888889,63,2.3000000000000003,3,1.8223837390979325,230219.66666666666,5624339.333333333,5854559.0,3,False,3.9323144009081923,
39095,Lucas,2019,3,9630.333333333334,200560.66666666666,210191.0,3,False,4.5817058453184645,,3.6584615384615384,13,256.08933333333334,3,1.63265625,64,1.79796875,64,1.9799999999999998,3,1.749399715783806,243146.0,5640103.0,5883249.0,3,False,4.132852442587421,
39095,Lucas,2019,4,8965.333333333334,203000.33333333334,211965.66666666666,3,False,4.22961580255922,,3.7,13,257.888,3,1.5896774193548386,62,1.7919354838709676,62,1.5766666666666669,3,2.0485851427124224,251905.66666666666,5659120.0,5911025.666666667,3,False,4.261623631364144,
39095,Lucas,2020,1,11434.0,198747.0,210181.0,3,False,5.440073079869255,,3.5215384615384617,13,258.81766666666664,3,1.0933870967741937,62,1.365,62,1.11,3,2.143767669047314,267936.6666666667,5615184.666666667,5883121.333333333,3,False,4.554328416593369,
39095,Lucas,2020,2,38732.0,165169.0,203901.0,3,False,18.995492910775326,,3.2392307692307694,13,256.292,3,0.24079365079365078,63,0.6876190476190476,63,0.14333333333333334,3,0.40927623141997493,753342.3333333334,4861525.0,5614867.333333333,3,False,13.416921337767437,
39095,Lucas,2020,3,21392.333333333332,184721.66666666666,206114.0,3,False,10.378884177364629,,2.9523076923076923,13,259.22166666666664,3,0.16453125,64,0.650625,64,0.11333333333333334,3,1.2231408831293145,488151.0,5214627.666666667,5702778.666666667,3,False,8.559879815313423,
39095,Lucas,2020,4,14374.333333333334,191497.33333333334,205871.66666666666,3,False,6.982181456085103,,2.7607142857142857,14,261.0916666666667,3,0.1964516129032258,62,0.864516129032258,62,0.09333333333333334,3,1.242270546387081,372020.0,5355922.333333333,5727942.333333333,3,False,6.494827956543092,
39095,Lucas,2021,1,16127.0,188740.66666666666,204867.66666666666,3,False,7.8719108107184645,,2.875833333333333,12,263.74233333333336,3,0.2478688524590164,61,1.3359016393442622,61,0.049999999999999996,3,1.9027552215008736,346198.6666666667,5390208.333333333,5736407.0,3,False,6.035113384853388,
39095,Lucas,2021,2,14887.666666666666,189537.33333333334,204425.0,3,False,7.282703517997635,,3.003846153846154,13,268.5503333333333,3,0.3540625,64,1.59078125,64,0.02666666666666667,3,4.7829558992607435,326862.6666666667,5419386.333333333,5746249.0,3,False,5.688278852285494,
39095,Lucas,2021,3,12773.333333333334,190509.33333333334,203282.66666666666,3,False,6.283532945914393,,2.8721428571428573,14,272.8296666666667,3,0.43125,64,1.32484375,64,0.04666666666666667,3,5.249561186372054,286108.3333333333,5452847.0,5738955.333333333,3,False,4.98537306383171,
39095,Lucas,2021,4,8719.0,193040.66666666666,201759.66666666666,3,False,4.321478194353348,,3.079230769230769,13,278.77133333333336,3,0.8185483870967742,62,1.5333870967741934,62,0.05333333333333334,3,6.771440426414732,245037.33333333334,5488309.333333333,5733346.666666667,3,False,4.273897037448751,
39095,Lucas,2022,1,9697.0,190792.66666666666,200489.66666666666,3,False,4.836658248388529,,3.822307692307692,13,284.90566666666666,3,1.6825806451612901,62,1.9511290322580646,62,0.3066666666666667,3,8.024245886452297,225055.33333333334,5526126.0,5751181.333333333,3,False,3.9132018326205915,
39095,Lucas,2022,2,8542.0,192855.33333333334,201397.33333333334,3,False,4.241366982681002,,5.266153846153846,13,291.60533333333336,3,2.8891935483870967,62,2.9325806451612904,62,1.0766666666666667,3,8.584982827551912,224334.33333333334,5543114.0,5767448.333333333,3,False,3.8896635109287216,
39095,Lucas,2022,3,9385.0,192167.66666666666,201552.66666666666,3,False,4.656351193567273,,5.623076923076923,13,295.453,3,3.37921875,64,3.10109375,64,2.6633333333333336,3,8.29210899596693,235001.0,5533600.333333333,5768601.333333333,3,False,4.073795126767875,
39095,Lucas,2022,4,8375.666666666666,193950.66666666666,202326.33333333334,3,False,4.139681932982854,,6.664615384615384,13,298.5416666666667,3,4.250327868852459,61,3.82672131147541,61,4.04,3,7.0919535007186285,230544.0,5547080.0,5777624.0,3,False,3.9902908185094774,
39095,Lucas,2023,1,9542.333333333334,193144.33333333334,202686.66666666666,3,False,4.707923560174983,,6.372307692307692,13,301.23033333333336,3,4.075322580645161,62,3.646290322580645,62,4.626666666666667,3,5.729849763137995,211238.0,5596884.0,5808122.0,3,False,3.636941510526122,
39095,Lucas,2023,2,8342.666666666666,195667.0,204009.66666666666,3,False,4.089348707332496,,6.510769230769231,13,303.3976666666667,3,3.949365079365079,63,3.5957142857142856,63,5.073333333333333,3,4.043936096276246,201358.33333333334,5631031.666666667,5832390.0,3,False,3.452415447755266,
39095,Lucas,2023,3,8681.333333333334,195476.66666666666,204158.0,3,False,4.252262136841727,,7.04,13,305.989,3,4.5993650793650795,63,4.14968253968254,63,5.29,3,3.566049422412365,213856.33333333334,5638048.0,5851904.333333333,3,False,3.6544741874055475,
39095,Lucas,2023,4,9477.333333333334,195211.33333333334,204688.66666666666,3,False,4.6301211921845535,,7.303846153846154,13,308.195,3,4.58,62,4.4470967741935485,62,5.283333333333333,3,3.2334961618980973,227428.0,5641122.0,5868550.0,3,False,3.8753695546600095,
39095,Lucas,2024,1,11411.666666666666,194079.66666666666,205491.33333333334,3,False,5.5533566703543045,,6.748461538461539,13,311.00333333333333,3,4.267704918032787,61,4.15639344262295,61,5.233333333333333,3,3.244361180978883,236596.33333333334,5650783.0,5887379.333333333,3,False,4.018703737905343,
39095,Lucas,2024,2,10657.0,195660.0,206317.0,3,False,5.165352346146949,,6.995384615384615,13,313.0806666666667,3,4.62952380952381,63,4.448730158730158,63,5.243333333333333,3,3.191520919189661,253464.66666666666,5668047.666666667,5921512.333333333,3,False,4.280404268346538,
39095,Lucas,2024,3,12960.666666666666,194465.66666666666,207426.33333333334,3,False,6.2483226976966915,,6.508461538461538,13,314.12100000000004,3,3.8753125,64,3.9546875,64,4.989999999999999,3,2.657611874936694,264590.6666666667,5683175.333333333,5947766.0,3,False,4.448572231433897,
39095,Lucas,2024,4,15655.333333333334,195310.0,210965.33333333334,3,False,7.420808474062089,,6.632307692307692,13,316.5876666666666,3,4.103387096774194,62,4.275483870967742,62,4.3999999999999995,3,2.7231676914507563,279366.3333333333,5684449.333333333,5963815.666666667,3,False,4.6843556029872815,
39095,Lucas,2025,1,14838.333333333334,193180.66666666666,208019.0,3,False,7.133162515603543,,6.827692307692308,13,319.47499999999997,3,4.168852459016394,61,4.453606557377049,61,4.21,3,2.723979378570429,289168.3333333333,5680071.333333333,5969239.666666667,3,False,4.844307641861032,
39095,Lucas,2025,2,12050.666666666666,194627.0,206677.66666666666,3,False,5.830657400493199,,6.788461538461538,13,320.78566666666666,3,3.8464516129032256,62,4.361774193548388,62,4.23,3,2.4610270835418335,278407.3333333333,5676234.0,5954641.333333333,3,False,4.675467719186445,
39095,Lucas,2025,3,11964.666666666666,191945.33333333334,203910.0,3,False,5.867621336210419,,6.5661538461538465,13,323.23499999999996,3,3.689375,64,4.26109375,64,4.096666666666667,3,2.9014297038402193,261728.33333333334,5676120.666666667,5937849.0,3,False,4.40779705467979,
39095,Lucas,2025,4,,,,2,False,,incomplete_period,6.226428571428571,14,,2,3.5438709677419356,62,4.1,62,3.73,3,,,,,2,False,,incomplete_period
39113,Montgomery,2015,1,14275.333333333334,233640.33333333334,247915.66666666666,3,False,5.758140873173271,,3.716666666666667,12,235.35500000000002,3,0.9696721311475409,61,1.9688524590163934,61,0.02666666666666667,3,-0.11289316317305564,295617.3333333333,5436840.0,5732457.333333333,3,False,5.1569042060612515,
39113,Montgomery,2015,2,12520.666666666666,238092.66666666666,250613.33333333334,3,False,4.996009789316875,,3.819230769230769,13,236.96,3,0.96890625,64,2.164375,64,0.02,3,0.03701009123058263,286497.6666666667,5439835.333333333,5726333.0,3,False,5.003161127141343,
39113,Montgomery,2015,3,12098.666666666666,238662.33333333334,250761.0,3,False,4.824780036236363,,3.9546153846153844,13,237.855,3,1.02328125,64,2.223125,64,0.04,3,0.15861096099996086,273954.3333333333,5443802.0,5717756.333333333,3,False,4.7912908029367465,
39113,Montgomery,2015,4,11837.0,239093.33333333334,250930.33333333334,3,False,4.717245556867709,,3.8978571428571427,14,237.837,3,1.1372580645161292,62,2.190483870967742,62,0.12333333333333334,3,0.40046998234049,278298.0,5452221.666666667,5730519.666666667,3,False,4.85641819918717,
39113,Montgomery,2016,1,13228.666666666666,239455.33333333334,252684.0,3,False,5.235260905584313,,3.7384615384615385,13,237.68933333333334,3,1.0234426229508196,61,1.9142622950819672,61,0.2866666666666667,3,0.9918350293528055,288278.0,5479391.333333333,5767669.333333333,3,False,4.998171416206939,
39113,Montgomery,2016,2,11934.666666666666,242170.0,254104.66666666666,3,False,4.696752256943989,,3.589230769230769,13,239.59033333333332,3,0.91609375,64,1.75015625,64,0.25666666666666665,3,1.1100326356065615,286618.6666666667,5486912.666666667,5773531.333333333,3,False,4.964356303253804,
39113,Montgomery,2016,3,12612.333333333334,243041.66666666666,255654.0,3,False,4.933360453321026,,3.446153846153846,13,240.60733333333334,3,0.8496875,64,1.564375,64,0.29666666666666663,3,1.1571475618899596,290780.3333333333,5478285.0,5769065.333333333,3,False,5.040336978907502,
39113,Montgomery,2016,4,12142.666666666666,242204.0,254346.66666666666,3,False,4.774061648144265,,3.8423076923076924,13,242.13466666666667,3,1.238688524590164,61,2.138688524590164,61,0.43,3,1.8069798503457024,301445.0,5477886.333333333,5779331.333333333,3,False,5.215914828439784,
39113,Montgomery,2017,1,13490.666666666666,239887.33333333334,253378.0,3,False,5.324324395435541,,4.173076923076923,13,243.83866666666665,3,1.5164516129032257,62,2.4466129032258066,62,0.59,3,2.587130540144833,298230.0,5500477.666666667,5798707.666666667,3,False,5.143042504355711,
39113,Montgomery,2017,2,11941.333333333334,243709.0,255650.33333333334,3,False,4.6709633340330745,,3.98,13,244.12,3,1.472063492063492,63,2.260952380952381,63,0.89,3,1.8905882402044716,290198.0,5529096.333333333,5819294.333333333,3,False,4.986824576611036,
39113,Montgomery,2017,3,12443.0,246088.33333333334,258531.33333333334,3,False,4.812956263199561,,3.883846153846154,13,245.287,3,1.5101587301587303,63,2.2414285714285715,63,1.0366666666666668,3,1.9449393340740473,286916.6666666667,5544025.666666667,5830942.333333333,3,False,4.920588307424524,
39113,Montgomery,2017,4,11272.333333333334,245248.66666666666,256521.0,3,False,4.394312096605477,,3.9223076923076925,13,247.23833333333334,3,1.8129032258064515,62,2.371451612903226,62,1.2066666666666668,3,2.1077802435008675,274190.0,5535526.666666667,5809716.666666667,3,False,4.719507262258917,
39113,Montgomery,2018,1,11891.333333333334,241864.33333333334,253755.66666666666,3,False,4.68613508795206,,4.282307692307692,13,249.3216666666667,3,2.30672131147541,61,2.7585245901639346,61,1.5599999999999998,3,2.248617938637043,263177.6666666667,5532966.0,5796143.666666667,3,False,4.540564930786452,
39113,Montgomery,2018,2,11350.0,243980.33333333334,255330.33333333334,3,False,4.4452219412499625,,4.544615384615384,13,250.679,3,2.6090625,64,2.920625,64,1.8399999999999999,3,2.686793380304775,259172.0,5553948.0,5813120.0,3,False,4.45839755587361,
39113,Montgomery,2018,3,11279.0,244304.0,255583.0,3,False,4.413047816169307,,4.566923076923077,13,251.68633333333332,3,2.7434920634920634,63,2.9238095238095236,63,2.0399999999999996,3,2.608916629635205,256824.33333333334,5559419.0,5816243.333333333,3,False,4.415639419029351,
39113,Montgomery,2018,4,10860.666666666666,245048.33333333334,255909.0,3,False,4.243956510582537,,4.7846153846153845,13,252.711,3,2.8442622950819674,61,3.0411475409836064,61,2.316666666666667,3,2.213518669569847,261041.0,5571125.0,5832166.0,3,False,4.475884259810163,
39113,Montgomery,2019,1,11360.666666666666,243024.33333333334,254385.0,3,False,4.465934181129652,,4.373846153846154,13,253.38566666666665,3,2.4554098360655736,61,2.652950819672131,61,2.3866666666666667,3,1.6300227951842494,245443.0,5595937.0,5841380.0,3,False,4.20179820521863,
39113,Montgomery,2019,2,10042.666666666666,246012.0,256054.66666666666,3,False,3.9220791393504513,,4.010769230769231,13,255.24733333333333,3,2.0882539682539685,63,2.338888888888889,63,2.3000000000000003,3,1.8223837390979325,230219.66666666666,5624339.333333333,5854559.0,3,False,3.9323144009081923,
39113,Montgomery,2019,3,11200.0,247822.66666666666,259022.66666666666,3,False,4.323945909495694,,3.6584615384615384,13,256.08933333333334,3,1.63265625,64,1.79796875,64,1.9799999999999998,3,1.749399715783806,243146.0,5640103.0,5883249.0,3,False,4.132852442587421,
39113,Montgomery,2019,4,10235.333333333334,248212.33333333334,258447.66666666666,3,False,3.960311758795785,,3.7,13,257.888,3,1.5896774193548386,62,1.7919354838709676,62,1.5766666666666669,3,2.0485851427124224,251905.66666666666,5659120.0,5911025.666666667,3,False,4.261623631364144,
39113,Montgomery,2020,1,12023.666666666666,245385.33333333334,257409.0,3,False,4.671035848267413,,3.5215384615384617,13,258.81766666666664,3,1.0933870967741937,62,1.365,62,1.11,3,2.143767669047314,267936.6666666667,5615184.666666667,5883121.333333333,3,False,4.554328416593369,
39113,Montgomery,2020,2,35053.333333333336,214698.66666666666,249752.0,3,False,14.035256307590464,,3.2392307692307694,13,256.292,3,0.24079365079365078,63,0.6876190476190476,63,0.14333333333333334,3,0.40927623141997493,753342.3333333334,4861525.0,5614867.333333333,3,False,13.416921337767437,
39113,Montgomery,2020,3,23503.0,231544.66666666666,255047.66666666666,3,False,9.215140176411468,,2.9523076923076923,13,259.22166666666664,3,0.16453125,64,0.650625,64,0.11333333333333334,3,1.2231408831293145,488151.0,5214627.666666667,5702778.666666667,3,False,8.559879815313423,
39113,Montgomery,2020,4,16088.333333333334,238153.66666666666,254242.0,3,False,6.32796049957652,,2.7607142857142857,14,261.0916666666667,3,0.1964516129032258,62,0.864516129032258,62,0.09333333333333334,3,1.242270546387081,372020.0,5355922.333333333,5727942.333333333,3,False,6.494827956543092,
39113,Montgomery,2021,1,18022.666666666668,234168.0,252190.66666666666,3,False,7.1464447534405195,,2.875833333333333,12,263.74233333333336,3,0.2478688524590164,61,1.3359016393442622,61,0.049999999999999996,3,1.9027552215008736,346198.6666666667,5390208.333333333,5736407.0,3,False,6.035113384853388,
39113,Montgomery,2021,2,15882.666666666666,235452.33333333334,251335.0,3,False,6.319321489910544,,3.003846153846154,13,268.5503333333333,3,0.3540625,64,1.59078125,64,0.02666666666666667,3,4.7829558992607435,326862.6666666667,5419386.333333333,5746249.0,3,False,5.688278852285494,
39113,Montgomery,2021,3,13392.333333333334,237691.33333333334,251083.66666666666,3,False,5.333813031778253,,2.8721428571428573,14,272.8296666666667,3,0.43125,64,1.32484375,64,0.04666666666666667,3,5.249561186372054,286108.3333333333,5452847.0,5738955.333333333,3,False,4.98537306383171,
39113,Montgomery,2021,4,9693.0,238957.66666666666,248650.66666666666,3,False,3.8982401012397583,,3.079230769230769,13,278.77133333333336,3,0.8185483870967742,62,1.5333870967741934,62,0.05333333333333334,3,6.771440426414732,245037.33333333334,5488309.333333333,5733346.666666667,3,False,4.273897037448751,
39113,Montgomery,2022,1,10665.0,237555.66666666666,248220.66666666666,3,False,4.29658019343004,,3.822307692307692,13,284.90566666666666,3,1.6825806451612901,62,1.9511290322580646,62,0.3066666666666667,3,8.024245886452297,225055.33333333334,5526126.0,5751181.333333333,3,False,3.9132018326205915,
39113,Montgomery,2022,2,9745.333333333334,239557.66666666666,249303.0,3,False,3.909031713751272,,5.266153846153846,13,291.60533333333336,3,2.8891935483870967,62,2.9325806451612904,62,1.0766666666666667,3,8.584982827551912,224334.33333333334,5543114.0,5767448.333333333,3,False,3.8896635109287216,
39113,Montgomery,2022,3,10642.0,239993.33333333334,250635.33333333334,3,False,4.246009474588579,,5.623076923076923,13,295.453,3,3.37921875,64,3.10109375,64,2.6633333333333336,3,8.29210899596693,235001.0,5533600.333333333,5768601.333333333,3,False,4.073795126767875,
39113,Montgomery,2022,4,9243.0,239818.0,249061.0,3,False,3.7111390382275826,,6.664615384615384,13,298.5416666666667,3,4.250327868852459,61,3.82672131147541,61,4.04,3,7.0919535007186285,230544.0,5547080.0,5777624.0,3,False,3.9902908185094774,
39113,Montgomery,2023,1,10394.333333333334,240981.33333333334,251375.66666666666,3,False,4.134979917175754,,6.372307692307692,13,301.23033333333336,3,4.075322580645161,62,3.646290322580645,62,4.626666666666667,3,5.729849763137995,211238.0,5596884.0,5808122.0,3,False,3.636941510526122,
39113,Montgomery,2023,2,9244.666666666666,243161.0,252405.66666666666,3,False,3.6626224714976026,,6.510769230769231,13,303.3976666666667,3,3.949365079365079,63,3.5957142857142856,63,5.073333333333333,3,4.043936096276246,201358.33333333334,5631031.666666667,5832390.0,3,False,3.452415447755266,
39113,Montgomery,2023,3,10095.0,243744.33333333334,253839.33333333334,3,False,3.9769250365716897,,7.04,13,305.989,3,4.5993650793650795,63,4.14968253968254,63,5.29,3,3.566049422412365,213856.33333333334,5638048.0,5851904.333333333,3,False,3.6544741874055475,
39113,Montgomery,2023,4,9538.0,245135.33333333334,254673.33333333334,3,False,3.7451899164943323,,7.303846153846154,13,308.195,3,4.58,62,4.4470967741935485,62,5.283333333333333,3,3.2334961618980973,227428.0,5641122.0,5868550.0,3,False,3.8753695546600095,
39113,Montgomery,2024,1,11803.333333333334,244093.33333333334,255896.66666666666,3,False,4.612538915447643,,6.748461538461539,13,311.00333333333333,3,4.267704918032787,61,4.15639344262295,61,5.233333333333333,3,3.244361180978883,236596.33333333334,5650783.0,5887379.333333333,3,False,4.018703737905343,
39113,Montgomery,2024,2,11642.333333333334,246063.66666666666,257706.0,3,False,4.517680354098599,,6.995384615384615,13,313.0806666666667,3,4.62952380952381,63,4.448730158730158,63,5.243333333333333,3,3.191520919189661,253464.66666666666,5668047.666666667,5921512.333333333,3,False,4.280404268346538,
39113,Montgomery,2024,3,12428.333333333334,247078.0,259506.33333333334,3,False,4.789221586114148,,6.508461538461538,13,314.12100000000004,3,3.8753125,64,3.9546875,64,4.989999999999999,3,2.657611874936694,264590.6666666667,5683175.333333333,5947766.0,3,False,4.448572231433897,
39113,Montgomery,2024,4,11984.0,246267.0,258251.0,3,False,4.640446697205432,,6.632307692307692,13,316.5876666666666,3,4.103387096774194,62,4.275483870967742,62,4.3999999999999995,3,2.7231676914507563,279366.3333333333,5684449.333333333,5963815.666666667,3,False,4.6843556029872815,
39113,Montgomery,2025,1,14595.0,244881.0,259476.0,3,False,5.624797669148592,,6.827692307692308,13,319.47499999999997,3,4.168852459016394,61,4.453606557377049,61,4.21,3,2.723979378570429,289168.3333333333,5680071.333333333,5969239.666666667,3,False,4.844307641861032,
39113,Montgomery,2025,2,13058.666666666666,246725.66666666666,259784.33333333334,3,False,5.02673371373434,,6.788461538461538,13,320.78566666666666,3,3.8464516129032256,62,4.361774193548388,62,4.23,3,2.4610270835418335,278407.3333333333,5676234.0,5954641.333333333,3,False,4.675467719186445,
39113,Montgomery,2025,3,12703.333333333334,246743.33333333334,259446.66666666666,3,False,4.89631780455842,,6.5661538461538465,13,323.23499999999996,3,3.689375,64,4.26109375,64,4.096666666666667,3,2.9014297038402193,261728.33333333334,5676120.666666667,5937849.0,3,False,4.40779705467979,
39113,Montgomery,2025,4,,,,2,False,,incomplete_period,6.226428571428571,14,,2,3.5438709677419356,62,4.1,62,3.73,3,,,,,2,False,,incomplete_period
39151,Stark,2015,1,11169.0,175199.66666666666,186368.66666666666,3,False,5.9929601900176355,,3.716666666666667,12,235.35500000000002,3,0.9696721311475409,61,1.9688524590163934,61,0.02666666666666667,3,-0.11289316317305564,295617.3333333333,5436840.0,5732457.333333333,3,False,5.1569042060612515,
39151,Stark,2015,2,9626.666666666666,178836.33333333334,188463.0,3,False,5.107987597919308,,3.819230769230769,13,236.96,3,0.96890625,64,2.164375,64,0.02,3,0.03701009123058263,286497.6666666667,5439835.333333333,5726333.0,3,False,5.003161127141343,
39151,Stark,2015,3,9440.666666666666,178153.33333333334,187594.0,3,False,5.03249926259191,,3.9546153846153844,13,237.855,3,1.02328125,64,2.223125,64,0.04,3,0.15861096099996086,273954.3333333333,5443802.0,5717756.333333333,3,False,4.7912908029367465,
39151,Stark,2015,4,9733.0,176988.33333333334,186721.33333333334,3,False,5.212580601395305,,3.8978571428571427,14,237.837,3,1.1372580645161292,62,2.190483870967742,62,0.12333333333333334,3,0.40046998234049,278298.0,5452221.666666667,5730519.666666667,3,False,4.85641819918717,
39151,Stark,2016,1,11506.666666666666,172312.33333333334,183819.0,3,False,6.2597809076682305,,3.7384615384615385,13,237.68933333333334,3,1.0234426229508196,61,1.9142622950819672,61,0.2866666666666667,3,0.9918350293528055,288278.0,5479391.333333333,5767669.333333333,3,False,4.998171416206939,
39151,Stark,2016,2,9874.333333333334,175955.33333333334,185829.66666666666,3,False,5.313647444164818,,3.589230769230769,13,239.59033333333332,3,0.91609375,64,1.75015625,64,0.25666666666666665,3,1.1100326356065615,286618.6666666667,5486912.666666667,5773531.333333333,3,False,4.964356303253804,
39151,Stark,2016,3,9997.333333333334,174746.66666666666,184744.0,3,False,5.411452243825691,,3.446153846153846,13,240.60733333333334,3,0.8496875,64,1.564375,64,0.29666666666666663,3,1.1571475618899596,290780.3333333333,5478285.0,5769065.333333333,3,False,5.040336978907502,
39151,Stark,2016,4,9785.666666666666,174916.33333333334,184702.0,3,False,5.298083760146976,,3.8423076923076924,13,242.13466666666667,3,1.238688524590164,61,2.138688524590164,61,0.43,3,1.8069798503457024,301445.0,5477886.333333333,5779331.333333333,3,False,5.215914828439784,
39151,Stark,2017,1,11509.0,172914.33333333334,184423.33333333334,3,False,6.240533555045457,,4.173076923076923,13,243.83866666666665,3,1.5164516129032257,62,2.4466129032258066,62,0.59,3,2.587130540144833,298230.0,5500477.666666667,5798707.666666667,3,False,5.143042504355711,
39151,Stark,2017,2,9358.333333333334,176627.0,185985.33333333334,3,False,5.031758776677731,,3.98,13,244.12,3,1.472063492063492,63,2.260952380952381,63,0.89,3,1.8905882402044716,290198.0,5529096.333333333,5819294.333333333,3,False,4.986824576611036,
39151,Stark,2017,3,9364.333333333334,176577.0,185941.33333333334,3,False,5.036176284993116,,3.883846153846154,13,245.287,3,1.5101587301587303,63,2.2414285714285715,63,1.0366666666666668,3,1.9449393340740473,286916.6666666667,5544025.666666667,5830942.333333333,3,False,4.920588307424524,
39151,Stark,2017,4,8777.666666666666,176698.66666666666,185476.33333333334,3,False,4.732499564185187,,3.9223076923076925,13,247.23833333333334,3,1.8129032258064515,62,2.371451612903226,62,1.2066666666666668,3,2.1077802435008675,274190.0,5535526.666666667,5809716.666666667,3,False,4.719507262258917,
39151,Stark,2018,1,10470.333333333334,173524.33333333334,183994.66666666666,3,False,5.690563494594047,,4.282307692307692,13,249.3216666666667,3,2.30672131147541,61,2.7585245901639346,61,1.5599999999999998,3,2.248617938637043,263177.6666666667,5532966.0,5796143.666666667,3,False,4.540564930786452,
39151,Stark,2018,2,9105.333333333334,175737.0,184842.33333333334,3,False,4.9259999963933225,,4.544615384615384,13,250.679,3,2.6090625,64,2.920625,64,1.8399999999999999,3,2.686793380304775,259172.0,5553948.0,5813120.0,3,False,4.45839755587361,
39151,Stark,2018,3,8393.666666666666,175336.66666666666,183730.33333333334,3,False,4.568470820459695,,4.566923076923077,13,251.68633333333332,3,2.7434920634920634,63,2.9238095238095236,63,2.0399999999999996,3,2.608916629635205,256824.33333333334,5559419.0,5816243.333333333,3,False,4.415639419029351,
39151,Stark,2018,4,8490.0,176027.0,184517.0,3,False,4.601202057263016,,4.7846153846153845,13,252.711,3,2.8442622950819674,61,3.0411475409836064,61,2.316666666666667,3,2.213518669569847,261041.0,5571125.0,5832166.0,3,False,4.475884259810163,
39151,Stark,2019,1,9794.0,173877.0,183671.0,3,False,5.332360579514458,,4.373846153846154,13,253.38566666666665,3,2.4554098360655736,61,2.652950819672131,61,2.3866666666666667,3,1.6300227951842494,245443.0,5595937.0,5841380.0,3,False,4.20179820521863,
39151,Stark,2019,2,7780.0,176553.33333333334,184333.33333333334,3,False,4.220614828209765,,4.010769230769231,13,255.24733333333333,3,2.0882539682539685,63,2.338888888888889,63,2.3000000000000003,3,1.8223837390979325,230219.66666666666,5624339.333333333,5854559.0,3,False,3.9323144009081923,
39151,Stark,2019,3,8231.333333333334,176851.66666666666,185083.0,3,False,4.4473740610068635,,3.6584615384615384,13,256.08933333333334,3,1.63265625,64,1.79796875,64,1.9799999999999998,3,1.749399715783806,243146.0,5640103.0,5883249.0,3,False,4.132852442587421,
39151,Stark,2019,4,8149.666666666667,177214.33333333334,185364.0,3,False,4.396574667501062,,3.7,13,257.888,3,1.5896774193548386,62,1.7919354838709676,62,1.5766666666666669,3,2.0485851427124224,251905.66666666666,5659120.0,5911025.666666667,3,False,4.261623631364144,
39151,Stark,2020,1,10490.666666666666,174481.33333333334,184972.0,3,False,5.671489018157702,,3.5215384615384617,13,258.81766666666664,3,1.0933870967741937,62,1.365,62,1.11,3,2.143767669047314,267936.6666666667,5615184.666666667,5883121.333333333,3,False,4.554328416593369,
39151,Stark,2020,2,23101.666666666668,153676.33333333334,176778.0,3,False,13.068179675449812,,3.2392307692307694,13,256.292,3,0.24079365079365078,63,0.6876190476190476,63,0.14333333333333334,3,0.40927623141997493,753342.3333333334,4861525.0,5614867.333333333,3,False,13.416921337767437,
39151,Stark,2020,3,14956.666666666666,165518.0,180474.66666666666,3,False,8.287405065161499,,2.9523076923076923,13,259.22166666666664,3,0.16453125,64,0.650625,64,0.11333333333333334,3,1.2231408831293145,488151.0,5214627.666666667,5702778.666666667,3,False,8.559879815313423,
39151,Stark,2020,4,10461.333333333334,169745.0,180206.33333333334,3,False,5.805197375600931,,2.7607142857142857,14,261.0916666666667,3,0.1964516129032258,62,0.864516129032258,62,0.09333333333333334,3,1.242270546387081,372020.0,5355922.333333333,5727942.333333333,3,False,6.494827956543092,
39151,Stark,2021,1,12639.0,167156.0,179795.0,3,False,7.0296726827776075,,2.875833333333333,12,263.74233333333336,3,0.2478688524590164,61,1.3359016393442622,61,0.049999999999999996,3,1.9027552215008736,346198.6666666667,5390208.333333333,5736407.0,3,False,6.035113384853388,
39151,Stark,2021,2,10855.333333333334,170343.33333333334,181198.66666666666,3,False,5.990846143091562,,3.003846153846154,13,268.5503333333333,3,0.3540625,64,1.59078125,64,0.02666666666666667,3,4.7829558992607435,326862.6666666667,5419386.333333333,5746249.0,3,False,5.688278852285494,
39151,Stark,2021,3,8988.0,170760.66666666666,179748.66666666666,3,False,5.00031525500421,,2.8721428571428573,14,272.8296666666667,3,0.43125,64,1.32484375,64,0.04666666666666667,3,5.249561186372054,286108.3333333333,5452847.0,5738955.333333333,3,False,4.98537306383171,
39151,Stark,2021,4,6769.666666666667,171735.0,178504.66666666666,3,False,3.792431196943498,,3.079230769230769,13,278.77133333333336,3,0.8185483870967742,62,1.5333870967741934,62,0.05333333333333334,3,6.771440426414732,245037.33333333334,5488309.333333333,5733346.666666667,3,False,4.273897037448751,
39151,Stark,2022,1,8254.333333333334,169065.33333333334,177319.66666666666,3,False,4.655058002590426,,3.822307692307692,13,284.90566666666666,3,1.6825806451612901,62,1.9511290322580646,62,0.3066666666666667,3,8.024245886452297,225055.33333333334,5526126.0,5751181.333333333,3,False,3.9132018326205915,
39151,Stark,2022,2,6955.0,171575.33333333334,178530.33333333334,3,False,3.8956965296280184,,5.266153846153846,13,291.60533333333336,3,2.8891935483870967,62,2.9325806451612904,62,1.0766666666666667,3,8.584982827551912,224334.33333333334,5543114.0,5767448.333333333,3,False,3.8896635109287216,
39151,Stark,2022,3,7394.666666666667,170784.0,178178.66666666666,3,False,4.150141431072931,,5.623076923076923,13,295.453,3,3.37921875,64,3.10109375,64,2.6633333333333336,3,8.29210899596693,235001.0,5533600.333333333,5768601.333333333,3,False,4.073795126767875,
39151,Stark,2022,4,6648.333333333333,170593.33333333334,177241.66666666666,3,False,3.750999106681085,,6.664615384615384,13,298.5416666666667,3,4.250327868852459,61,3.82672131147541,61,4.04,3,7.0919535007186285,230544.0,5547080.0,5777624.0,3,False,3.9902908185094774,
39151,Stark,2023,1,8015.0,169897.33333333334,177912.33333333334,3,False,4.505027757116332,,6.372307692307692,13,301.23033333333336,3,4.075322580645161,62,3.646290322580645,62,4.626666666666667,3,5.729849763137995,211238.0,5596884.0,5808122.0,3,False,3.636941510526122,
39151,Stark,2023,2,6394.666666666667,172877.33333333334,179272.0,3,False,3.5670192035937944,,6.510769230769231,13,303.3976666666667,3,3.949365079365079,63,3.5957142857142856,63,5.073333333333333,3,4.043936096276246,201358.33333333334,5631031.666666667,5832390.0,3,False,3.452415447755266,
39151,Stark,2023,3,6867.333333333333,173444.66666666666,180312.0,3,False,3.808583640208823,,7.04,13,305.989,3,4.5993650793650795,63,4.14968253968254,63,5.29,3,3.566049422412365,213856.33333333334,5638048.0,5851904.333333333,3,False,3.6544741874055475,
39151,Stark,2023,4,6691.666666666667,174077.33333333334,180769.0,3,False,3.701777775319146,,7.303846153846154,13,308.195,3,4.58,62,4.4470967741935485,62,5.283333333333333,3,3.2334961618980973,227428.0,5641122.0,5868550.0,3,False,3.8753695546600095,
39151,Stark,2024,1,9032.333333333334,172562.66666666666,181595.0,3,False,4.973888781813009,,6.748461538461539,13,311.00333333333333,3,4.267704918032787,61,4.15639344262295,61,5.233333333333333,3,3.244361180978883,236596.33333333334,5650783.0,5887379.333333333,3,False,4.018703737905343,
39151,Stark,2024,2,8157.666666666667,175766.0,183923.66666666666,3,False,4.435354522075282,,6.995384615384615,13,313.0806666666667,3,4.62952380952381,63,4.448730158730158,63,5.243333333333333,3,3.191520919189661,253464.66666666666,5668047.666666667,5921512.333333333,3,False,4.280404268346538,
39151,Stark,2024,3,8377.0,175863.0,184240.0,3,False,4.546786799826314,,6.508461538461538,13,314.12100000000004,3,3.8753125,64,3.9546875,64,4.989999999999999,3,2.657611874936694,264590.6666666667,5683175.333333333,5947766.0,3,False,4.448572231433897,
39151,Stark,2024,4,8309.666666666666,175619.66666666666,183929.33333333334,3,False,4.51785830790086,,6.632307692307692,13,316.5876666666666,3,4.103387096774194,62,4.275483870967742,62,4.3999999999999995,3,2.7231676914507563,279366.3333333333,5684449.333333333,5963815.666666667,3,False,4.6843556029872815,
39151,Stark,2025,1,10573.666666666666,172480.33333333334,183054.0,3,False,5.776255458316489,,6.827692307692308,13,319.47499999999997,3,4.168852459016394,61,4.453606557377049,61,4.21,3,2.723979378570429,289168.3333333333,5680071.333333333,5969239.666666667,3,False,4.844307641861032,
39151,Stark,2025,2,8793.333333333334,175194.66666666666,183988.0,3,False,4.779297200542064,,6.788461538461538,13,320.78566666666666,3,3.8464516129032256,62,4.361774193548388,62,4.23,3,2.4610270835418335,278407.3333333333,5676234.0,5954641.333333333,3,False,4.675467719186445,
39151,Stark,2025,3,8368.333333333334,174909.66666666666,183278.0,3,False,4.565923533284591,,6.5661538461538465,13,323.23499999999996,3,3.689375,64,4.26109375,64,4.096666666666667,3,2.9014297038402193,261728.33333333334,5676120.666666667,5937849.0,3,False,4.40779705467979,
39151,Stark,2025,4,,,,2,False,,incomplete_period,6.226428571428571,14,,2,3.5438709677419356,62,4.1,62,3.73,3,,,,,2,False,,incomplete_period
39153,Summit,2015,1,15945.333333333334,255991.33333333334,271936.6666666667,3,False,5.863620205685147,,3.716666666666667,12,235.35500000000002,3,0.9696721311475409,61,1.9688524590163934,61,0.02666666666666667,3,-0.11289316317305564,295617.3333333333,5436840.0,5732457.333333333,3,False,5.1569042060612515,
39153,Summit,2015,2,13292.333333333334,260379.66666666666,273672.0,3,False,4.857030800861373,,3.819230769230769,13,236.96,3,0.96890625,64,2.164375,64,0.02,3,0.03701009123058263,286497.6666666667,5439835.333333333,5726333.0,3,False,5.003161127141343,
39153,Summit,2015,3,12788.333333333334,259377.66666666666,272166.0,3,False,4.6987255327018564,,3.9546153846153844,13,237.855,3,1.02328125,64,2.223125,64,0.04,3,0.15861096099996086,273954.3333333333,5443802.0,5717756.333333333,3,False,4.7912908029367465,
39153,Summit,2015,4,12924.333333333334,260501.0,273425.3333333333,3,False,4.726823654477275,,3.8978571428571427,14,237.837,3,1.1372580645161292,62,2.190483870967742,62,0.12333333333333334,3,0.40046998234049,278298.0,5452221.666666667,5730519.666666667,3,False,4.85641819918717,
39153,Summit,2016,1,15274.333333333334,260447.33333333334,275721.6666666667,3,False,5.5397653430694,,3.7384615384615385,13,237.68933333333334,3,1.0234426229508196,61,1.9142622950819672,61,0.2866666666666667,3,0.9918350293528055,288278.0,5479391.333333333,5767669.333333333,3,False,4.998171416206939,
39153,Summit,2016,2,13269.333333333334,265264.0,278533.3333333333,3,False,4.764001914791767,,3.589230769230769,13,239.59033333333332,3,0.91609375,64,1.75015625,64,0.25666666666666665,3,1.1100326356065615,286618.6666666667,5486912.666666667,5773531.333333333,3,False,4.964356303253804,
39153,Summit,2016,3,13842.333333333334,264655.0,278497.3333333333,3,False,4.970364767107286,,3.446153846153846,13,240.60733333333334,3,0.8496875,64,1.564375,64,0.29666666666666663,3,1.1571475618899596,290780.3333333333,5478285.0,5769065.333333333,3,False,5.040336978907502,
39153,Summit,2016,4,13666.666666666666,264609.3333333333,278276.0,3,False,4.911191287307085,,3.8423076923076924,13,242.13466666666667,3,1.238688524590164,61,2.138688524590164,61,0.43,3,1.8069798503457024,301445.0,5477886.333333333,5779331.333333333,3,False,5.215914828439784,
39153,Summit,2017,1,15840.333333333334,260490.0,276330.3333333333,3,False,5.732390339581492,,4.173076923076923,13,243.83866666666665,3,1.5164516129032257,62,2.4466129032258066,62,0.59,3,2.587130540144833,298230.0,5500477.666666667,5798707.666666667,3,False,5.143042504355711,
39153,Summit,2017,2,13157.666666666666,266262.0,279419.6666666667,3,False,4.708926477377516,,3.98,13,244.12,3,1.472063492063492,63,2.260952380952381,63,0.89,3,1.8905882402044716,290198.0,5529096.333333333,5819294.333333333,3,False,4.986824576611036,
39153,Summit,2017,3,13498.0,266785.6666666667,280283.6666666667,3,False,4.815835385817463,,3.883846153846154,13,245.287,3,1.5101587301587303,63,2.2414285714285715,63,1.0366666666666668,3,1.9449393340740473,286916.6666666667,5544025.666666667,5830942.333333333,3,False,4.920588307424524,
39153,Summit,2017,4,12606.0,266571.0,279177.0,3,False,4.515414951804769,,3.9223076923076925,13,247.23833333333334,3,1.8129032258064515,62,2.371451612903226,62,1.2066666666666668,3,2.1077802435008675,274190.0,5535526.666666667,5809716.666666667,3,False,4.719507262258917,
39153,Summit,2018,1,14043.0,261074.33333333334,275117.3333333333,3,False,5.104367591039945,,4.282307692307692,13,249.3216666666667,3,2.30672131147541,61,2.7585245901639346,61,1.5599999999999998,3,2.248617938637043,263177.6666666667,5532966.0,5796143.666666667,3,False,4.540564930786452,
39153,Summit,2018,2,12394.666666666666,264064.0,276458.6666666667,3,False,4.48337063044988,,4.544615384615384,13,250.679,3,2.6090625,64,2.920625,64,1.8399999999999999,3,2.686793380304775,259172.0,5553948.0,5813120.0,3,False,4.45839755587361,
39153,Summit,2018,3,11844.0,264679.0,276523.0,3,False,4.283188016909985,,4.566923076923077,13,251.68633333333332,3,2.7434920634920634,63,2.9238095238095236,63,2.0399999999999996,3,2.608916629635205,256824.33333333334,5559419.0,5816243.333333333,3,False,4.415639419029351,
39153,Summit,2018,4,11884.0,267059.3333333333,278943.3333333333,3,False,4.260363514692351,,4.7846153846153845,13,252.711,3,2.8442622950819674,61,3.0411475409836064,61,2.316666666666667,3,2.213518669569847,261041.0,5571125.0,5832166.0,3,False,4.475884259810163,
39153,Summit,2019,1,13365.666666666666,263469.0,276834.6666666667,3,False,4.828032134703745,,4.373846153846154,13,253.38566666666665,3,2.4554098360655736,61,2.652950819672131,61,2.3866666666666667,3,1.6300227951842494,245443.0,5595937.0,5841380.0,3,False,4.20179820521863,
39153,Summit,2019,2,10753.333333333334,266969.0,277722.3333333333,3,False,3.8719728457800184,,4.010769230769231,13,255.24733333333333,3,2.0882539682539685,63,2.338888888888889,63,2.3000000000000003,3,1.8223837390979325,230219.66666666666,5624339.333333333,5854559.0,3,False,3.9323144009081923,
39153,Summit,2019,3,11790.666666666666,268388.0,280178.6666666667,3,False,4.208267105751567,,3.6584615384615384,13,256.08933333333334,3,1.63265625,64,1.79796875,64,1.9799999999999998,3,1.749399715783806,243146.0,5640103.0,5883249.0,3,False,4.132852442587421,
39153,Summit,2019,4,10822.0,269832.6666666667,280654.6666666667,3,False,3.855984341373265,,3.7,13,257.888,3,1.5896774193548386,62,1.7919354838709676,62,1.5766666666666669,3,2.0485851427124224,251905.66666666666,5659120.0,5911025.666666667,3,False,4.261623631364144,
39153,Summit,2020,1,13948.666666666666,264915.0,278863.6666666667,3,False,5.001966313288094,,3.5215384615384617,13,258.81766666666664,3,1.0933870967741937,62,1.365,62,1.11,3,2.143767669047314,267936.6666666667,5615184.666666667,5883121.333333333,3,False,4.554328416593369,
39153,Summit,2020,2,34433.0,231768.33333333334,266201.3333333333,3,False,12.93494648161041,,3.2392307692307694,13,256.292,3,0.24079365079365078,63,0.6876190476190476,63,0.14333333333333334,3,0.40927623141997493,753342.3333333334,4861525.0,5614867.333333333,3,False,13.416921337767437,
39153,Summit,2020,3,23669.333333333332,248189.33333333334,271858.6666666667,3,False,8.70648474207186,,2.9523076923076923,13,259.22166666666664,3,0.16453125,64,0.650625,64,0.11333333333333334,3,1.2231408831293145,488151.0,5214627.666666667,5702778.666666667,3,False,8.559879815313423,
39153,Summit,2020,4,16321.666666666666,255534.33333333334,271856.0,3,False,6.003791222804229,,2.7607142857142857,14,261.0916666666667,3,0.1964516129032258,62,0.864516129032258,62,0.09333333333333334,3,1.242270546387081,372020.0,5355922.333333333,5727942.333333333,3,False,6.494827956543092,
39153,Summit,2021,1,19112.0,251788.0,270900.0,3,False,7.05500184569952,,2.875833333333333,12,263.74233333333336,3,0.2478688524590164,61,1.3359016393442622,61,0.049999999999999996,3,1.9027552215008736,346198.6666666667,5390208.333333333,5736407.0,3,False,6.035113384853388,
39153,Summit,2021,2,16218.333333333334,256145.0,272363.3333333333,3,False,5.954668396382284,,3.003846153846154,13,268.5503333333333,3,0.3540625,64,1.59078125,64,0.02666666666666667,3,4.7829558992607435,326862.6666666667,5419386.333333333,5746249.0,3,False,5.688278852285494,
39153,Summit,2021,3,13710.0,257516.0,271226.0,3,False,5.054825127384543,,2.8721428571428573,14,272.8296666666667,3,0.43125,64,1.32484375,64,0.04666666666666667,3,5.249561186372054,286108.3333333333,5452847.0,5738955.333333333,3,False,4.98537306383171,
39153,Summit,2021,4,10057.666666666666,260160.33333333334,270218.0,3,False,3.722056512396164,,3.079230769230769,13,278.77133333333336,3,0.8185483870967742,62,1.5333870967741934,62,0.05333333333333334,3,6.771440426414732,245037.33333333334,5488309.333333333,5733346.666666667,3,False,4.273897037448751,
39153,Summit,2022,1,11901.0,255316.66666666666,267217.6666666667,3,False,4.453672598992331,,3.822307692307692,13,284.90566666666666,3,1.6825806451612901,62,1.9511290322580646,62,0.3066666666666667,3,8.024245886452297,225055.33333333334,5526126.0,5751181.333333333,3,False,3.9132018326205915,
39153,Summit,2022,2,10334.666666666666,260702.0,271036.6666666667,3,False,3.813014229317066,,5.266153846153846,13,291.60533333333336,3,2.8891935483870967,62,2.9325806451612904,62,1.0766666666666667,3,8.584982827551912,224334.33333333334,5543114.0,5767448.333333333,3,False,3.8896635109287216,
39153,Summit,2022,3,11059.0,261191.66666666666,272250.6666666667,3,False,4.062065351538778,,5.623076923076923,13,295.453,3,3.37921875,64,3.10109375,64,2.6633333333333336,3,8.29210899596693,235001.0,5533600.333333333,5768601.333333333,3,False,4.073795126767875,
39153,Summit,2022,4,9706.666666666666,263052.3333333333,272759.0,3,False,3.558697116013281,,6.664615384615384,13,298.5416666666667,3,4.250327868852459,61,3.82672131147541,61,4.04,3,7.0919535007186285,230544.0,5547080.0,5777624.0,3,False,3.9902908185094774,
39153,Summit,2023,1,11619.0,261545.0,273164.0,3,False,4.253488746686972,,6.372307692307692,13,301.23033333333336,3,4.075322580645161,62,3.646290322580645,62,4.626666666666667,3,5.729849763137995,211238.0,5596884.0,5808122.0,3,False,3.636941510526122,
39153,Summit,2023,2,9346.0,264282.0,273628.0,3,False,3.415586124227053,,6.510769230769231,13,303.3976666666667,3,3.949365079365079,63,3.5957142857142856,63,5.073333333333333,3,4.043936096276246,201358.33333333334,5631031.666666667,5832390.0,3,False,3.452415447755266,
39153,Summit,2023,3,10279.333333333334,263391.6666666667,273671.0,3,False,3.7560915600605593,,7.04,13,305.989,3,4.5993650793650795,63,4.14968253968254,63,5.29,3,3.566049422412365,213856.33333333334,5638048.0,5851904.333333333,3,False,3.6544741874055475,
39153,Summit,2023,4,9865.0,264098.6666666667,273963.6666666667,3,False,3.6008424474778282,,7.303846153846154,13,308.195,3,4.58,62,4.4470967741935485,62,5.283333333333333,3,3.2334961618980973,227428.0,5641122.0,5868550.0,3,False,3.8753695546600095,
39153,Summit,2024,1,12919.666666666666,261688.0,274607.6666666667,3,False,4.704772748515153,,6.748461538461539,13,311.00333333333333,3,4.267704918032787,61,4.15639344262295,61,5.233333333333333,3,3.244361180978883,236596.33333333334,5650783.0,5887379.333333333,3,False,4.018703737905343,
39153,Summit,2024,2,12141.333333333334,264297.6666666667,276439.0,3,False,4.392047914126927,,6.995384615384615,13,313.0806666666667,3,4.62952380952381,63,4.448730158730158,63,5.243333333333333,3,3.191520919189661,253464.66666666666,5668047.666666667,5921512.333333333,3,False,4.280404268346538,
39153,Summit,2024,3,12543.0,264455.0,276998.0,3,False,4.528191539289092,,6.508461538461538,13,314.12100000000004,3,3.8753125,64,3.9546875,64,4.989999999999999,3,2.657611874936694,264590.6666666667,5683175.333333333,5947766.0,3,False,4.448572231433897,
39153,Summit,2024,4,12501.0,264396.0,276897.0,3,False,4.5146751319082545,,6.632307692307692,13,316.5876666666666,3,4.103387096774194,62,4.275483870967742,62,4.3999999999999995,3,2.7231676914507563,279366.3333333333,5684449.333333333,5963815.666666667,3,False,4.6843556029872815,
39153,Summit,2025,1,15698.333333333334,261211.33333333334,276909.6666666667,3,False,5.669117124838546,,6.827692307692308,13,319.47499999999997,3,4.168852459016394,61,4.453606557377049,61,4.21,3,2.723979378570429,289168.3333333333,5680071.333333333,5969239.666666667,3,False,4.844307641861032,
39153,Summit,2025,2,13539.666666666666,263026.6666666667,276566.3333333333,3,False,4.895630825154664,,6.788461538461538,13,320.78566666666666,3,3.8464516129032256,62,4.361774193548388,62,4.23,3,2.4610270835418335,278407.3333333333,5676234.0,5954641.333333333,3,False,4.675467719186445,
39153,Summit,2025,3,12917.666666666666,262034.0,274951.6666666667,3,False,4.698159070382066,,6.5661538461538465,13,323.23499999999996,3,3.689375,64,4.26109375,64,4.096666666666667,3,2.9014297038402193,261728.33333333334,5676120.666666667,5937849.0,3,False,4.40779705467979,
39153,Summit,2025,4,,,,2,False,,incomplete_period,6.226428571428571,14,,2,3.5438709677419356,62,4.1,62,3.73,3,,,,,2,False,,incomplete_period
39165,Warren,2015,1,5270.333333333333,106038.66666666667,111309.0,3,False,4.734867201514103,,3.716666666666667,12,235.35500000000002,3,0.9696721311475409,61,1.9688524590163934,61,0.02666666666666667,3,-0.11289316317305564,295617.3333333333,5436840.0,5732457.333333333,3,False,5.1569042060612515,
39165,Warren,2015,2,4697.666666666667,108866.0,113563.66666666667,3,False,4.136592983084379,,3.819230769230769,13,236.96,3,0.96890625,64,2.164375,64,0.02,3,0.03701009123058263,286497.6666666667,5439835.333333333,5726333.0,3,False,5.003161127141343,
39165,Warren,2015,3,4563.666666666667,108929.33333333333,113493.0,3,False,4.021099686030563,,3.9546153846153844,13,237.855,3,1.02328125,64,2.223125,64,0.04,3,0.15861096099996086,273954.3333333333,5443802.0,5717756.333333333,3,False,4.7912908029367465,
39165,Warren,2015,4,4462.333333333333,108543.66666666667,113006.0,3,False,3.9487578830622563,,3.8978571428571427,14,237.837,3,1.1372580645161292,62,2.190483870967742,62,0.12333333333333334,3,0.40046998234049,278298.0,5452221.666666667,5730519.666666667,3,False,4.85641819918717,
39165,Warren,2016,1,5124.0,110586.66666666667,115710.66666666667,3,False,4.428286646002097,,3.7384615384615385,13,237.68933333333334,3,1.0234426229508196,61,1.9142622950819672,61,0.2866666666666667,3,0.9918350293528055,288278.0,5479391.333333333,5767669.333333333,3,False,4.998171416206939,
39165,Warren,2016,2,4630.333333333333,113216.66666666667,117847.0,3,False,3.9291058179956497,,3.589230769230769,13,239.59033333333332,3,0.91609375,64,1.75015625,64,0.25666666666666665,3,1.1100326356065615,286618.6666666667,5486912.666666667,5773531.333333333,3,False,4.964356303253804,
39165,Warren,2016,3,4920.333333333333,113456.0,118376.33333333333,3,False,4.156517772415095,,3.446153846153846,13,240.60733333333334,3,0.8496875,64,1.564375,64,0.29666666666666663,3,1.1571475618899596,290780.3333333333,5478285.0,5769065.333333333,3,False,5.040336978907502,
39165,Warren,2016,4,4694.666666666667,112727.0,117421.66666666667,3,False,3.998126410514811,,3.8423076923076924,13,242.13466666666667,3,1.238688524590164,61,2.138688524590164,61,0.43,3,1.8069798503457024,301445.0,5477886.333333333,5779331.333333333,3,False,5.215914828439784,
39165,Warren,2017,1,5212.333333333333,112860.66666666667,118073.0,3,False,4.414500633788701,,4.173076923076923,13,243.83866666666665,3,1.5164516129032257,62,2.4466129032258066,62,0.59,3,2.587130540144833,298230.0,5500477.666666667,5798707.666666667,3,False,5.143042504355711,
39165,Warren,2017,2,4665.333333333333,115395.66666666667,120061.0,3,False,3.885802494842899,,3.98,13,244.12,3,1.472063492063492,63,2.260952380952381,63,0.89,3,1.8905882402044716,290198.0,5529096.333333333,5819294.333333333,3,False,4.986824576611036,
39165,Warren,2017,3,4985.0,116183.33333333333,121168.33333333333,3,False,4.114111222679193,,3.883846153846154,13,245.287,3,1.5101587301587303,63,2.2414285714285715,63,1.0366666666666668,3,1.9449393340740473,286916.6666666667,5544025.666666667,5830942.333333333,3,False,4.920588307424524,
39165,Warren,2017,4,4473.666666666667,115465.66666666667,119939.33333333333,3,False,3.7299412480754164,,3.9223076923076925,13,247.23833333333334,3,1.8129032258064515,62,2.371451612903226,62,1.2066666666666668,3,2.1077802435008675,274190.0,5535526.666666667,5809716.666666667,3,False,4.719507262258917,
39165,Warren,2018,1,4817.0,115060.0,119877.0,3,False,4.018285409211108,,4.282307692307692,13,249.3216666666667,3,2.30672131147541,61,2.7585245901639346,61,1.5599999999999998,3,2.248617938637043,263177.6666666667,5532966.0,5796143.666666667,3,False,4.540564930786452,
39165,Warren,2018,2,4638.333333333333,117344.33333333333,121982.66666666667,3,False,3.802452807502705,,4.544615384615384,13,250.679,3,2.6090625,64,2.920625,64,1.8399999999999999,3,2.686793380304775,259172.0,5553948.0,5813120.0,3,False,4.45839755587361,
39165,Warren,2018,3,4567.333333333333,117775.66666666667,122343.0,3,False,3.7332199907909183,,4.566923076923077,13,251.68633333333332,3,2.7434920634920634,63,2.9238095238095236,63,2.0399999999999996,3,2.608916629635205,256824.33333333334,5559419.0,5816243.333333333,3,False,4.415639419029351,
39165,Warren,2018,4,4339.333333333333,118071.0,122410.33333333333,3,False,3.5449077011472343,,4.7846153846153845,13,252.711,3,2.8442622950819674,61,3.0411475409836064,61,2.316666666666667,3,2.213518669569847,261041.0,5571125.0,5832166.0,3,False,4.475884259810163,
39165,Warren,2019,1,4571.333333333333,117905.66666666667,122477.0,3,False,3.7324014576886544,,4.373846153846154,13,253.38566666666665,3,2.4554098360655736,61,2.652950819672131,61,2.3866666666666667,3,1.6300227951842494,245443.0,5595937.0,5841380.0,3,False,4.20179820521863,
39165,Warren,2019,2,4040.3333333333335,120118.33333333333,124158.66666666667,3,False,3.2541693961490137,,4.010769230769231,13,255.24733333333333,3,2.0882539682539685,63,2.338888888888889,63,2.3000000000000003,3,1.8223837390979325,230219.66666666666,5624339.333333333,5854559.0,3,False,3.9323144009081923,
39165,Warren,2019,3,4630.0,120969.66666666667,125599.66666666667,3,False,3.6863155156993517,,3.6584615384615384,13,256.08933333333334,3,1.63265625,64,1.79796875,64,1.9799999999999998,3,1.749399715783806,243146.0,5640103.0,5883249.0,3,False,4.132852442587421,
39165,Warren,2019,4,4048.6666666666665,121464.0,125512.66666666667,3,False,3.2257036474406298,,3.7,13,257.888,3,1.5896774193548386,62,1.7919354838709676,62,1.5766666666666669,3,2.0485851427124224,251905.66666666666,5659120.0,5911025.666666667,3,False,4.261623631364144,
39165,Warren,2020,1,4909.0,120729.0,125638.0,3,False,3.9072573584425094,,3.5215384615384617,13,258.81766666666664,3,1.0933870967741937,62,1.365,62,1.11,3,2.143767669047314,267936.6666666667,5615184.666666667,5883121.333333333,3,False,4.554328416593369,
39165,Warren,2020,2,12153.0,106044.0,118197.0,3,False,10.281986852458184,,3.2392307692307694,13,256.292,3,0.24079365079365078,63,0.6876190476190476,63,0.14333333333333334,3,0.40927623141997493,753342.3333333334,4861525.0,5614867.333333333,3,False,13.416921337767437,
39165,Warren,2020,3,7931.333333333333,114452.33333333333,122383.66666666667,3,False,6.480712295486052,,2.9523076923076923,13,259.22166666666664,3,0.16453125,64,0.650625,64,0.11333333333333334,3,1.2231408831293145,488151.0,5214627.666666667,5702778.666666667,3,False,8.559879815313423,
39165,Warren,2020,4,5490.333333333333,117638.66666666667,123129.0,3,False,4.459009115101505,,2.7607142857142857,14,261.0916666666667,3,0.1964516129032258,62,0.864516129032258,62,0.09333333333333334,3,1.242270546387081,372020.0,5355922.333333333,5727942.333333333,3,False,6.494827956543092,
39165,Warren,2021,1,6177.0,118570.33333333333,124747.33333333333,3,False,4.951608852026229,,2.875833333333333,12,263.74233333333336,3,0.2478688524590164,61,1.3359016393442622,61,0.049999999999999996,3,1.9027552215008736,346198.6666666667,5390208.333333333,5736407.0,3,False,6.035113384853388,
39165,Warren,2021,2,5490.0,120185.33333333333,125675.33333333333,3,False,4.3683989963556895,,3.003846153846154,13,268.5503333333333,3,0.3540625,64,1.59078125,64,0.02666666666666667,3,4.7829558992607435,326862.6666666667,5419386.333333333,5746249.0,3,False,5.688278852285494,
39165,Warren,2021,3,5029.666666666667,121892.33333333333,126922.0,3,False,3.9628013005362877,,2.8721428571428573,14,272.8296666666667,3,0.43125,64,1.32484375,64,0.04666666666666667,3,5.249561186372054,286108.3333333333,5452847.0,5738955.333333333,3,False,4.98537306383171,
39165,Warren,2021,4,3749.6666666666665,122762.33333333333,126512.0,3,False,2.963882214071919,,3.079230769230769,13,278.77133333333336,3,0.8185483870967742,62,1.5333870967741934,62,0.05333333333333334,3,6.771440426414732,245037.33333333334,5488309.333333333,5733346.666666667,3,False,4.273897037448751,
39165,Warren,2022,1,4360.333333333333,123680.33333333333,128040.66666666667,3,False,3.405428483658837,,3.822307692307692,13,284.90566666666666,3,1.6825806451612901,62,1.9511290322580646,62,0.3066666666666667,3,8.024245886452297,225055.33333333334,5526126.0,5751181.333333333,3,False,3.9132018326205915,
39165,Warren,2022,2,4053.3333333333335,125256.33333333333,129309.66666666667,3,False,3.1345942169830048,,5.266153846153846,13,291.60533333333336,3,2.8891935483870967,62,2.9325806451612904,62,1.0766666666666667,3,8.584982827551912,224334.33333333334,5543114.0,5767448.333333333,3,False,3.8896635109287216,
39165,Warren,2022,3,4510.666666666667,125809.33333333333,130320.0,3,False,3.4612236545938204,,5.623076923076923,13,295.453,3,3.37921875,64,3.10109375,64,2.6633333333333336,3,8.29210899596693,235001.0,5533600.333333333,5768601.333333333,3,False,4.073795126767875,
39165,Warren,2022,4,3829.3333333333335,125621.66666666667,129451.0,3,False,2.9581334507522796,,6.664615384615384,13,298.5416666666667,3,4.250327868852459,61,3.82672131147541,61,4.04,3,7.0919535007186285,230544.0,5547080.0,5777624.0,3,False,3.9902908185094774,
39165,Warren,2023,1,4273.333333333333,126741.66666666667,131015.0,3,False,3.2617130354030706,,6.372307692307692,13,301.23033333333336,3,4.075322580645161,62,3.646290322580645,62,4.626666666666667,3,5.729849763137995,211238.0,5596884.0,5808122.0,3,False,3.636941510526122,
39165,Warren,2023,2,3816.3333333333335,128334.66666666667,132151.0,3,False,2.887858081538039,,6.510769230769231,13,303.3976666666667,3,3.949365079365079,63,3.5957142857142856,63,5.073333333333333,3,4.043936096276246,201358.33333333334,5631031.666666667,5832390.0,3,False,3.452415447755266,
39165,Warren,2023,3,4262.666666666667,128641.33333333333,132904.0,3,False,3.2073275948554345,,7.04,13,305.989,3,4.5993650793650795,63,4.14968253968254,63,5.29,3,3.566049422412365,213856.33333333334,5638048.0,5851904.333333333,3,False,3.6544741874055475,
39165,Warren,2023,4,4002.0,128143.33333333333,132145.33333333334,3,False,3.0284837905740143,,7.303846153846154,13,308.195,3,4.58,62,4.4470967741935485,62,5.283333333333333,3,3.2334961618980973,227428.0,5641122.0,5868550.0,3,False,3.8753695546600095,
39165,Warren,2024,1,5097.0,127298.33333333333,132395.33333333334,3,False,3.849833579229882,,6.748461538461539,13,311.00333333333333,3,4.267704918032787,61,4.15639344262295,61,5.233333333333333,3,3.244361180978883,236596.33333333334,5650783.0,5887379.333333333,3,False,4.018703737905343,
39165,Warren,2024,2,5090.333333333333,128636.66666666667,133727.0,3,False,3.8065112754592065,,6.995384615384615,13,313.0806666666667,3,4.62952380952381,63,4.448730158730158,63,5.243333333333333,3,3.191520919189661,253464.66666666666,5668047.666666667,5921512.333333333,3,False,4.280404268346538,
39165,Warren,2024,3,5380.666666666667,129433.66666666667,134814.33333333334,3,False,3.991168100325633,,6.508461538461538,13,314.12100000000004,3,3.8753125,64,3.9546875,64,4.989999999999999,3,2.657611874936694,264590.6666666667,5683175.333333333,5947766.0,3,False,4.448572231433897,
39165,Warren,2024,4,5078.333333333333,129415.0,134493.33333333334,3,False,3.7758996728462373,,6.632307692307692,13,316.5876666666666,3,4.103387096774194,62,4.275483870967742,62,4.3999999999999995,3,2.7231676914507563,279366.3333333333,5684449.333333333,5963815.666666667,3,False,4.6843556029872815,
39165,Warren,2025,1,6105.666666666667,127897.66666666667,134003.33333333334,3,False,4.55635431954429,,6.827692307692308,13,319.47499999999997,3,4.168852459016394,61,4.453606557377049,61,4.21,3,2.723979378570429,289168.3333333333,5680071.333333333,5969239.666666667,3,False,4.844307641861032,
39165,Warren,2025,2,5428.0,129198.66666666667,134626.66666666666,3,False,4.031890660592255,,6.788461538461538,13,320.78566666666666,3,3.8464516129032256,62,4.361774193548388,62,4.23,3,2.4610270835418335,278407.3333333333,5676234.0,5954641.333333333,3,False,4.675467719186445,
39165,Warren,2025,3,5339.0,129117.0,134456.0,3,False,3.9708157315404295,,6.5661538461538465,13,323.23499999999996,3,3.689375,64,4.26109375,64,4.096666666666667,3,2.9014297038402193,261728.33333333334,5676120.666666667,5937849.0,3,False,4.40779705467979,
39165,Warren,2025,4,,,,2,False,,incomplete_period,6.226428571428571,14,,2,3.5438709677419356,62,4.1,62,3.73,3,,,,,2,False,,incomplete_period
